{"stats":{"minecraft:used":{"minecraft:oak_trapdoor":4,"minecraft:oak_fence":32,"minecraft:stone_sword":62,"minecraft:flint_and_steel":29,"minecraft:chest":4,"minecraft:cooked_salmon":4,"minecraft:cooked_chicken":26,"minecraft:netherrack":42,"minecraft:torch":230,"minecraft:dirt":466,"minecraft:granite":113,"minecraft:wooden_axe":46,"minecraft:iron_helmet":1,"minecraft:iron_boots":1,"minecraft:stone_bricks":1462,"minecraft:oak_sapling":9,"minecraft:furnace":14,"minecraft:egg":196,"minecraft:cooked_beef":6,"minecraft:cobbled_deepslate":30,"minecraft:acacia_planks":1,"minecraft:wheat_seeds":138,"minecraft:cooked_mutton":3,"minecraft:water_bucket":45,"minecraft:diorite":225,"minecraft:amethyst_block":4,"minecraft:birch_planks":38,"minecraft:baked_potato":29,"minecraft:oak_planks":125,"minecraft:stone_pickaxe":259,"minecraft:wooden_pickaxe":61,"minecraft:diamond_axe":62,"minecraft:golden_apple":1,"minecraft:rail":1,"minecraft:oak_slab":6,"minecraft:crafting_table":11,"minecraft:white_bed":2,"minecraft:oak_log":133,"minecraft:diamond_pickaxe":8077,"minecraft:apple":2,"minecraft:diamond_shovel":4612,"minecraft:iron_pickaxe":4618,"minecraft:bread":13,"minecraft:gravel":15,"minecraft:stone_axe":412,"minecraft:chiseled_stone_bricks":1,"minecraft:diamond_sword":49,"minecraft:cobblestone":1324,"minecraft:bucket":45,"minecraft:andesite":72},"minecraft:broken":{"minecraft:stone_pickaxe":1,"minecraft:diamond_shovel":2,"minecraft:diamond_pickaxe":3,"minecraft:stone_axe":3,"minecraft:iron_pickaxe":16},"minecraft:killed":{"minecraft:spider":2,"minecraft:phantom":1,"minecraft:skeleton":6,"minecraft:chicken":21,"minecraft:sheep":5,"minecraft:zombie":15,"minecraft:cow":4},"minecraft:crafted":{"minecraft:oak_planks":296,"minecraft:furnace":10,"minecraft:stone":1655,"minecraft:diamond_shovel":3,"minecraft:flint_and_steel":1,"minecraft:cooked_mutton":1,"minecraft:oak_trapdoor":4,"minecraft:stone_brick_slab":24,"minecraft:stone_pickaxe":2,"minecraft:chest":4,"minecraft:chiseled_stone_bricks":12,"minecraft:stone_bricks":1676,"minecraft:oak_fence":33,"minecraft:cooked_beef":2,"minecraft:coal_block":68,"minecraft:oak_slab":6,"minecraft:diamond_sword":1,"minecraft:diamond_axe":1,"minecraft:crafting_table":5,"minecraft:wooden_pickaxe":2,"minecraft:bucket":2,"minecraft:birch_planks":64,"minecraft:stone_axe":4,"minecraft:bread":42,"minecraft:air":0,"minecraft:diamond_pickaxe":8,"minecraft:charcoal":38,"minecraft:stick":144,"minecraft:iron_ingot":78,"minecraft:iron_pickaxe":21,"minecraft:wooden_axe":1,"minecraft:acacia_planks":152,"minecraft:torch":116},"minecraft:mined":{"minecraft:tuff":24,"minecraft:white_bed":1,"minecraft:deepslate_diamond_ore":75,"minecraft:cobblestone_stairs":12,"minecraft:granite":1058,"minecraft:acacia_log":42,"minecraft:grass_block":1406,"minecraft:crimson_roots":2,"minecraft:chiseled_stone_bricks":1,"minecraft:spawner":1,"minecraft:weeping_vines_plant":1,"minecraft:oak_trapdoor":1,"minecraft:furnace":7,"minecraft:iron_ore":82,"minecraft:cobbled_deepslate":3,"minecraft:fire":13,"minecraft:andesite":354,"minecraft:deepslate_lapis_ore":5,"minecraft:dirt_path":81,"minecraft:deepslate_iron_ore":15,"minecraft:rail":1,"minecraft:stripped_oak_log":1,"minecraft:stone":8051,"minecraft:deepslate_redstone_ore":20,"minecraft:acacia_leaves":1,"minecraft:crimson_nylium":1,"minecraft:oak_fence":2,"minecraft:crafting_table":10,"minecraft:torch":28,"minecraft:calcite":4,"minecraft:copper_ore":47,"minecraft:tall_grass":2,"minecraft:cobblestone":454,"minecraft:deepslate_gold_ore":8,"minecraft:lapis_ore":5,"minecraft:oak_planks":45,"minecraft:diorite":1032,"minecraft:wall_torch":41,"minecraft:amethyst_block":4,"minecraft:birch_log":26,"minecraft:wheat":142,"minecraft:birch_leaves":3,"minecraft:grass":89,"minecraft:oak_log":276,"minecraft:coal_ore":170,"minecraft:gravel":195,"minecraft:dirt":3158,"minecraft:cobweb":41,"minecraft:smooth_basalt":10,"minecraft:stone_bricks":201,"minecraft:netherrack":80,"minecraft:oak_leaves":55,"minecraft:deepslate":1118},"minecraft:custom":{"minecraft:mob_kills":58,"minecraft:animals_bred":57,"minecraft:interact_with_crafting_table":85,"minecraft:leave_game":15,"minecraft:time_since_death":169852,"minecraft:climb_one_cm":1686,"minecraft:sprint_one_cm":773433,"minecraft:walk_one_cm":2243401,"minecraft:drop":223,"minecraft:play_time":678040,"minecraft:sneak_time":46398,"minecraft:deaths":9,"minecraft:walk_under_water_one_cm":22984,"minecraft:jump":5967,"minecraft:walk_on_water_one_cm":49080,"minecraft:enchant_item":7,"minecraft:total_world_time":678040,"minecraft:interact_with_furnace":194,"minecraft:sleep_in_bed":10,"minecraft:time_since_rest":169905,"minecraft:damage_taken":5892,"minecraft:damage_dealt":7225,"minecraft:fly_one_cm":628927,"minecraft:open_chest":94,"minecraft:crouch_one_cm":119147,"minecraft:fall_one_cm":112673},"minecraft:killed_by":{"minecraft:player":4,"minecraft:piglin":1,"minecraft:skeleton":1,"minecraft:zombie":1},"minecraft:dropped":{"minecraft:wheat_seeds":1,"minecraft:lapis_lazuli":3,"minecraft:cobblestone":876,"minecraft:oak_fence":3,"minecraft:feather":21,"minecraft:leather":6,"minecraft:chest_minecart":1,"minecraft:granite":871,"minecraft:acacia_log":1,"minecraft:rail":6,"minecraft:stick":1,"minecraft:dirt":354,"minecraft:diorite":234,"minecraft:torch":13,"minecraft:mutton":2,"minecraft:iron_pickaxe":9,"minecraft:smooth_basalt":10,"minecraft:gravel":30,"minecraft:stone_axe":2,"minecraft:oak_trapdoor":1,"minecraft:stone_sword":1,"minecraft:cobbled_deepslate":475,"minecraft:raw_copper":48,"minecraft:tuff":18,"minecraft:wheat":7,"minecraft:raw_iron":44,"minecraft:rotten_flesh":8,"minecraft:diamond_shovel":5,"minecraft:stripped_oak_log":1,"minecraft:white_bed":1,"minecraft:chiseled_stone_bricks":12,"minecraft:stone":5,"minecraft:diamond_pickaxe":6,"minecraft:andesite":33,"minecraft:oak_sapling":3,"minecraft:acacia_sapling":2,"minecraft:stone_bricks":21,"minecraft:sandstone":1,"minecraft:arrow":1,"minecraft:powered_rail":4,"minecraft:beef":1,"minecraft:stone_pickaxe":3,"minecraft:wooden_pickaxe":1,"minecraft:calcite":4,"minecraft:magma_block":6,"minecraft:egg":300},"minecraft:picked_up":{"minecraft:crafting_table":11,"minecraft:wheat":140,"minecraft:chicken":19,"minecraft:chest_minecart":1,"minecraft:wooden_pickaxe":2,"minecraft:enchanted_book":1,"minecraft:amethyst_block":4,"minecraft:string":90,"minecraft:oak_trapdoor":1,"minecraft:raw_copper":91,"minecraft:cooked_salmon":4,"minecraft:cobbled_deepslate":815,"minecraft:beef":4,"minecraft:calcite":4,"minecraft:iron_pickaxe":7,"minecraft:birch_sapling":4,"minecraft:furnace":8,"minecraft:iron_boots":1,"minecraft:egg":493,"minecraft:stick":23,"minecraft:raw_iron":215,"minecraft:sandstone":1,"minecraft:stone":42,"minecraft:oak_fence":8,"minecraft:torch":144,"minecraft:acacia_log":40,"minecraft:diorite":808,"minecraft:redstone":91,"minecraft:stone_sword":2,"minecraft:arrow":5,"minecraft:rotten_flesh":16,"minecraft:diamond_chestplate":1,"minecraft:mutton":12,"minecraft:rail":7,"minecraft:white_wool":5,"minecraft:cobblestone":5850,"minecraft:stripped_oak_log":1,"minecraft:birch_log":21,"minecraft:feather":33,"minecraft:cooked_beef":8,"minecraft:andesite":177,"minecraft:leather":10,"minecraft:birch_planks":1,"minecraft:flint":22,"minecraft:tuff":18,"minecraft:oak_log":271,"minecraft:gunpowder":5,"minecraft:cobblestone_stairs":3,"minecraft:lapis_lazuli":67,"minecraft:dirt":1364,"minecraft:cooked_mutton":2,"minecraft:bone":1,"minecraft:acacia_planks":61,"minecraft:apple":3,"minecraft:stone_bricks":198,"minecraft:wheat_seeds":394,"minecraft:raw_gold":8,"minecraft:iron_ingot":20,"minecraft:stone_pickaxe":4,"minecraft:cooked_chicken":8,"minecraft:powered_rail":4,"minecraft:oak_planks":92,"minecraft:acacia_sapling":3,"minecraft:smooth_basalt":10,"minecraft:chiseled_stone_bricks":1,"minecraft:gravel":149,"minecraft:sand":1,"minecraft:white_bed":3,"minecraft:diamond_shovel":5,"minecraft:diamond":76,"minecraft:stone_axe":2,"minecraft:iron_helmet":1,"minecraft:granite":1170,"minecraft:gray_wool":1,"minecraft:bread":12,"minecraft:baked_potato":32,"minecraft:oak_sapling":15,"minecraft:netherrack":47,"minecraft:coal":439,"minecraft:crimson_roots":2,"minecraft:diamond_pickaxe":7}},"DataVersion":3465}