{"stats":{"minecraft:killed_by":{"minecraft:player":1},"minecraft:custom":{"minecraft:jump":38,"minecraft:time_since_rest":3971,"minecraft:leave_game":1,"minecraft:interact_with_furnace":1,"minecraft:damage_dealt":100,"minecraft:deaths":1,"minecraft:sprint_one_cm":3515,"minecraft:play_time":4806,"minecraft:damage_taken":435,"minecraft:time_since_death":3941,"minecraft:walk_one_cm":3868,"minecraft:total_world_time":4806,"minecraft:fall_one_cm":3083,"minecraft:fly_one_cm":7303}},"DataVersion":3465}