{"stats":{"minecraft:used":{"minecraft:oak_trapdoor":4,"minecraft:stone_sword":62,"minecraft:flint_and_steel":6,"minecraft:chest":2,"minecraft:cooked_salmon":3,"minecraft:torch":31,"minecraft:dirt":11,"minecraft:granite":9,"minecraft:wooden_axe":46,"minecraft:furnace":2,"minecraft:egg":6,"minecraft:cooked_beef":4,"minecraft:acacia_planks":1,"minecraft:cobbled_deepslate":3,"minecraft:cooked_mutton":1,"minecraft:diorite":28,"minecraft:amethyst_block":4,"minecraft:stone_pickaxe":237,"minecraft:oak_planks":116,"minecraft:wooden_pickaxe":61,"minecraft:golden_apple":1,"minecraft:rail":1,"minecraft:oak_slab":6,"minecraft:crafting_table":4,"minecraft:white_bed":2,"minecraft:oak_log":103,"minecraft:apple":2,"minecraft:diamond_shovel":210,"minecraft:bread":3,"minecraft:iron_pickaxe":2018,"minecraft:gravel":12,"minecraft:stone_axe":199,"minecraft:cobblestone":113},"minecraft:broken":{"minecraft:stone_pickaxe":1,"minecraft:stone_axe":1,"minecraft:iron_pickaxe":8},"minecraft:killed":{"minecraft:skeleton":2,"minecraft:sheep":3,"minecraft:zombie":2,"minecraft:cow":3},"minecraft:crafted":{"minecraft:oak_planks":152,"minecraft:furnace":1,"minecraft:diamond_shovel":1,"minecraft:cooked_mutton":1,"minecraft:oak_trapdoor":4,"minecraft:flint_and_steel":1,"minecraft:stone_pickaxe":1,"minecraft:chest":2,"minecraft:cooked_beef":1,"minecraft:oak_slab":6,"minecraft:crafting_table":2,"minecraft:wooden_pickaxe":2,"minecraft:stone_axe":2,"minecraft:air":0,"minecraft:charcoal":9,"minecraft:stick":36,"minecraft:iron_ingot":27,"minecraft:iron_pickaxe":10,"minecraft:wooden_axe":1,"minecraft:acacia_planks":152,"minecraft:torch":16},"minecraft:mined":{"minecraft:white_bed":1,"minecraft:granite":191,"minecraft:acacia_log":40,"minecraft:grass_block":12,"minecraft:spawner":1,"minecraft:oak_trapdoor":1,"minecraft:furnace":1,"minecraft:cobbled_deepslate":1,"minecraft:iron_ore":26,"minecraft:fire":5,"minecraft:rail":1,"minecraft:stripped_oak_log":1,"minecraft:stone":1627,"minecraft:crafting_table":3,"minecraft:torch":2,"minecraft:cobblestone":39,"minecraft:tall_grass":2,"minecraft:copper_ore":12,"minecraft:oak_planks":11,"minecraft:diorite":360,"minecraft:wall_torch":4,"minecraft:amethyst_block":4,"minecraft:grass":18,"minecraft:coal_ore":18,"minecraft:oak_log":151,"minecraft:dirt":396,"minecraft:gravel":18,"minecraft:cobweb":41,"minecraft:oak_leaves":20,"minecraft:deepslate":5},"minecraft:custom":{"minecraft:mob_kills":11,"minecraft:interact_with_crafting_table":30,"minecraft:leave_game":4,"minecraft:time_since_death":98933,"minecraft:sprint_one_cm":273418,"minecraft:walk_one_cm":563450,"minecraft:drop":46,"minecraft:play_time":143419,"minecraft:deaths":5,"minecraft:sneak_time":2128,"minecraft:walk_under_water_one_cm":22471,"minecraft:jump":1463,"minecraft:walk_on_water_one_cm":32710,"minecraft:total_world_time":143419,"minecraft:interact_with_furnace":18,"minecraft:sleep_in_bed":3,"minecraft:time_since_rest":27529,"minecraft:damage_taken":1990,"minecraft:damage_dealt":1884,"minecraft:fly_one_cm":191767,"minecraft:open_chest":8,"minecraft:crouch_one_cm":3964,"minecraft:fall_one_cm":28944},"minecraft:killed_by":{"minecraft:player":1,"minecraft:skeleton":1,"minecraft:zombie":1},"minecraft:dropped":{"minecraft:wheat_seeds":1,"minecraft:oak_fence":3,"minecraft:cobblestone":1,"minecraft:chest_minecart":1,"minecraft:leather":6,"minecraft:granite":2,"minecraft:acacia_log":1,"minecraft:rail":6,"minecraft:dirt":1,"minecraft:diorite":1,"minecraft:torch":12,"minecraft:iron_pickaxe":3,"minecraft:gravel":1,"minecraft:stone_sword":1,"minecraft:cobbled_deepslate":5,"minecraft:raw_iron":44,"minecraft:rotten_flesh":1,"minecraft:diamond_shovel":1,"minecraft:white_bed":1,"minecraft:acacia_sapling":2,"minecraft:sandstone":1,"minecraft:beef":1,"minecraft:arrow":1,"minecraft:powered_rail":4,"minecraft:stone_pickaxe":2,"minecraft:wooden_pickaxe":1},"minecraft:picked_up":{"minecraft:crafting_table":4,"minecraft:chest_minecart":1,"minecraft:wooden_pickaxe":2,"minecraft:amethyst_block":4,"minecraft:string":90,"minecraft:oak_trapdoor":1,"minecraft:raw_copper":43,"minecraft:cooked_salmon":4,"minecraft:cobbled_deepslate":10,"minecraft:beef":4,"minecraft:iron_pickaxe":2,"minecraft:furnace":2,"minecraft:egg":7,"minecraft:raw_iron":139,"minecraft:stick":13,"minecraft:sandstone":1,"minecraft:oak_fence":6,"minecraft:torch":32,"minecraft:acacia_log":40,"minecraft:diorite":352,"minecraft:stone_sword":2,"minecraft:arrow":3,"minecraft:rotten_flesh":3,"minecraft:mutton":8,"minecraft:rail":7,"minecraft:white_wool":3,"minecraft:cobblestone":1767,"minecraft:stripped_oak_log":1,"minecraft:cooked_beef":7,"minecraft:leather":8,"minecraft:flint":2,"minecraft:oak_log":150,"minecraft:gunpowder":4,"minecraft:dirt":401,"minecraft:bone":1,"minecraft:acacia_planks":61,"minecraft:apple":2,"minecraft:wheat_seeds":4,"minecraft:iron_ingot":11,"minecraft:stone_pickaxe":3,"minecraft:powered_rail":4,"minecraft:oak_planks":51,"minecraft:acacia_sapling":2,"minecraft:gravel":13,"minecraft:sand":1,"minecraft:white_bed":3,"minecraft:diamond_shovel":1,"minecraft:diamond":2,"minecraft:stone_axe":1,"minecraft:granite":191,"minecraft:gray_wool":1,"minecraft:bread":2,"minecraft:oak_sapling":3,"minecraft:coal":98}},"DataVersion":3465}