{"stats":{"minecraft:used":{"minecraft:oak_trapdoor":4,"minecraft:stone_sword":62,"minecraft:flint_and_steel":25,"minecraft:chest":2,"minecraft:cooked_salmon":4,"minecraft:cooked_chicken":6,"minecraft:torch":101,"minecraft:dirt":91,"minecraft:granite":106,"minecraft:wooden_axe":46,"minecraft:stone_bricks":138,"minecraft:oak_sapling":9,"minecraft:furnace":8,"minecraft:egg":8,"minecraft:cooked_beef":6,"minecraft:acacia_planks":1,"minecraft:cobbled_deepslate":18,"minecraft:cooked_mutton":3,"minecraft:diorite":33,"minecraft:amethyst_block":4,"minecraft:stone_pickaxe":259,"minecraft:oak_planks":116,"minecraft:wooden_pickaxe":61,"minecraft:golden_apple":1,"minecraft:rail":1,"minecraft:oak_slab":6,"minecraft:crafting_table":5,"minecraft:white_bed":2,"minecraft:oak_log":132,"minecraft:diamond_pickaxe":1561,"minecraft:apple":2,"minecraft:diamond_shovel":369,"minecraft:bread":8,"minecraft:iron_pickaxe":3885,"minecraft:gravel":12,"minecraft:stone_axe":372,"minecraft:cobblestone":327},"minecraft:broken":{"minecraft:stone_pickaxe":1,"minecraft:diamond_pickaxe":1,"minecraft:stone_axe":3,"minecraft:iron_pickaxe":14},"minecraft:killed":{"minecraft:spider":2,"minecraft:skeleton":3,"minecraft:chicken":1,"minecraft:sheep":5,"minecraft:zombie":9,"minecraft:cow":4},"minecraft:crafted":{"minecraft:oak_planks":156,"minecraft:furnace":9,"minecraft:stone":448,"minecraft:diamond_shovel":1,"minecraft:cooked_mutton":1,"minecraft:flint_and_steel":1,"minecraft:oak_trapdoor":4,"minecraft:stone_pickaxe":2,"minecraft:chest":2,"minecraft:stone_bricks":448,"minecraft:cooked_beef":2,"minecraft:coal_block":6,"minecraft:oak_slab":6,"minecraft:crafting_table":2,"minecraft:wooden_pickaxe":2,"minecraft:stone_axe":4,"minecraft:air":0,"minecraft:diamond_pickaxe":1,"minecraft:charcoal":38,"minecraft:stick":64,"minecraft:iron_ingot":61,"minecraft:iron_pickaxe":19,"minecraft:wooden_axe":1,"minecraft:acacia_planks":152,"minecraft:torch":56},"minecraft:mined":{"minecraft:white_bed":1,"minecraft:deepslate_diamond_ore":3,"minecraft:granite":836,"minecraft:acacia_log":40,"minecraft:grass_block":22,"minecraft:spawner":1,"minecraft:oak_trapdoor":1,"minecraft:furnace":1,"minecraft:iron_ore":64,"minecraft:cobbled_deepslate":1,"minecraft:fire":11,"minecraft:andesite":4,"minecraft:deepslate_iron_ore":6,"minecraft:rail":1,"minecraft:stripped_oak_log":1,"minecraft:stone":3893,"minecraft:crafting_table":5,"minecraft:torch":12,"minecraft:tall_grass":2,"minecraft:copper_ore":19,"minecraft:cobblestone":107,"minecraft:oak_planks":36,"minecraft:diorite":596,"minecraft:wall_torch":9,"minecraft:amethyst_block":4,"minecraft:grass":32,"minecraft:oak_log":247,"minecraft:coal_ore":91,"minecraft:gravel":98,"minecraft:dirt":490,"minecraft:cobweb":41,"minecraft:stone_bricks":6,"minecraft:oak_leaves":28,"minecraft:deepslate":26},"minecraft:custom":{"minecraft:mob_kills":28,"minecraft:interact_with_crafting_table":50,"minecraft:leave_game":12,"minecraft:time_since_death":244097,"minecraft:sprint_one_cm":337476,"minecraft:walk_one_cm":992899,"minecraft:drop":84,"minecraft:play_time":288583,"minecraft:deaths":5,"minecraft:sneak_time":3953,"minecraft:walk_under_water_one_cm":22471,"minecraft:jump":2808,"minecraft:walk_on_water_one_cm":44709,"minecraft:total_world_time":288583,"minecraft:interact_with_furnace":72,"minecraft:sleep_in_bed":8,"minecraft:time_since_rest":53398,"minecraft:damage_taken":2720,"minecraft:damage_dealt":4759,"minecraft:fly_one_cm":253858,"minecraft:open_chest":22,"minecraft:crouch_one_cm":7121,"minecraft:fall_one_cm":43681},"minecraft:killed_by":{"minecraft:player":1,"minecraft:skeleton":1,"minecraft:zombie":1},"minecraft:dropped":{"minecraft:wheat_seeds":1,"minecraft:oak_fence":3,"minecraft:cobblestone":270,"minecraft:chest_minecart":1,"minecraft:leather":6,"minecraft:granite":789,"minecraft:acacia_log":1,"minecraft:rail":6,"minecraft:dirt":85,"minecraft:diorite":193,"minecraft:torch":12,"minecraft:mutton":2,"minecraft:iron_pickaxe":5,"minecraft:gravel":3,"minecraft:oak_trapdoor":1,"minecraft:stone_sword":1,"minecraft:cobbled_deepslate":5,"minecraft:raw_iron":44,"minecraft:rotten_flesh":8,"minecraft:diamond_shovel":1,"minecraft:stripped_oak_log":1,"minecraft:white_bed":1,"minecraft:diamond_pickaxe":1,"minecraft:andesite":2,"minecraft:acacia_sapling":2,"minecraft:sandstone":1,"minecraft:wooden_pickaxe":1,"minecraft:stone_pickaxe":3,"minecraft:arrow":1,"minecraft:powered_rail":4,"minecraft:beef":1},"minecraft:picked_up":{"minecraft:crafting_table":6,"minecraft:chest_minecart":1,"minecraft:wooden_pickaxe":2,"minecraft:amethyst_block":4,"minecraft:string":90,"minecraft:oak_trapdoor":1,"minecraft:raw_copper":65,"minecraft:cooked_salmon":4,"minecraft:cobbled_deepslate":25,"minecraft:beef":4,"minecraft:iron_pickaxe":4,"minecraft:furnace":2,"minecraft:egg":9,"minecraft:stick":19,"minecraft:raw_iron":179,"minecraft:sandstone":1,"minecraft:oak_fence":6,"minecraft:torch":64,"minecraft:acacia_log":40,"minecraft:diorite":572,"minecraft:stone_sword":2,"minecraft:arrow":5,"minecraft:rotten_flesh":10,"minecraft:mutton":12,"minecraft:rail":7,"minecraft:white_wool":5,"minecraft:cobblestone":3743,"minecraft:stripped_oak_log":1,"minecraft:feather":5,"minecraft:cooked_beef":8,"minecraft:andesite":4,"minecraft:leather":10,"minecraft:flint":12,"minecraft:oak_log":244,"minecraft:gunpowder":5,"minecraft:dirt":502,"minecraft:cooked_mutton":2,"minecraft:bone":1,"minecraft:acacia_planks":61,"minecraft:apple":2,"minecraft:stone_bricks":6,"minecraft:wheat_seeds":4,"minecraft:stone_pickaxe":4,"minecraft:iron_ingot":11,"minecraft:cooked_chicken":6,"minecraft:powered_rail":4,"minecraft:acacia_sapling":2,"minecraft:oak_planks":76,"minecraft:gravel":79,"minecraft:sand":1,"minecraft:white_bed":3,"minecraft:diamond_shovel":1,"minecraft:diamond":5,"minecraft:stone_axe":1,"minecraft:granite":958,"minecraft:gray_wool":1,"minecraft:bread":12,"minecraft:oak_sapling":12,"minecraft:coal":171,"minecraft:diamond_pickaxe":1}},"DataVersion":3465}