{"stats":{"minecraft:used":{"minecraft:oak_trapdoor":4,"minecraft:stone_sword":62,"minecraft:flint_and_steel":18,"minecraft:chest":2,"minecraft:cooked_salmon":4,"minecraft:cooked_chicken":6,"minecraft:torch":62,"minecraft:dirt":17,"minecraft:granite":9,"minecraft:wooden_axe":46,"minecraft:furnace":2,"minecraft:egg":8,"minecraft:cooked_beef":6,"minecraft:acacia_planks":1,"minecraft:cobbled_deepslate":18,"minecraft:cooked_mutton":3,"minecraft:diorite":33,"minecraft:amethyst_block":4,"minecraft:stone_pickaxe":250,"minecraft:oak_planks":116,"minecraft:wooden_pickaxe":61,"minecraft:golden_apple":1,"minecraft:rail":1,"minecraft:oak_slab":6,"minecraft:crafting_table":5,"minecraft:white_bed":2,"minecraft:oak_log":118,"minecraft:apple":2,"minecraft:diamond_shovel":282,"minecraft:bread":3,"minecraft:iron_pickaxe":2980,"minecraft:gravel":12,"minecraft:stone_axe":318,"minecraft:cobblestone":322},"minecraft:broken":{"minecraft:stone_pickaxe":1,"minecraft:stone_axe":2,"minecraft:iron_pickaxe":12},"minecraft:killed":{"minecraft:spider":1,"minecraft:skeleton":3,"minecraft:chicken":1,"minecraft:sheep":5,"minecraft:zombie":9,"minecraft:cow":4},"minecraft:crafted":{"minecraft:oak_planks":156,"minecraft:furnace":1,"minecraft:diamond_shovel":1,"minecraft:cooked_mutton":1,"minecraft:flint_and_steel":1,"minecraft:oak_trapdoor":4,"minecraft:stone_pickaxe":2,"minecraft:chest":2,"minecraft:cooked_beef":2,"minecraft:oak_slab":6,"minecraft:crafting_table":2,"minecraft:wooden_pickaxe":2,"minecraft:stone_axe":3,"minecraft:air":0,"minecraft:charcoal":9,"minecraft:stick":64,"minecraft:iron_ingot":61,"minecraft:iron_pickaxe":14,"minecraft:wooden_axe":1,"minecraft:acacia_planks":152,"minecraft:torch":56},"minecraft:mined":{"minecraft:white_bed":1,"minecraft:deepslate_diamond_ore":3,"minecraft:granite":456,"minecraft:acacia_log":40,"minecraft:grass_block":17,"minecraft:spawner":1,"minecraft:oak_trapdoor":1,"minecraft:furnace":1,"minecraft:iron_ore":64,"minecraft:cobbled_deepslate":1,"minecraft:fire":6,"minecraft:andesite":4,"minecraft:deepslate_iron_ore":6,"minecraft:rail":1,"minecraft:stripped_oak_log":1,"minecraft:stone":2016,"minecraft:crafting_table":5,"minecraft:torch":8,"minecraft:tall_grass":2,"minecraft:copper_ore":17,"minecraft:cobblestone":93,"minecraft:oak_planks":36,"minecraft:diorite":454,"minecraft:wall_torch":4,"minecraft:amethyst_block":4,"minecraft:grass":32,"minecraft:oak_log":199,"minecraft:coal_ore":55,"minecraft:gravel":22,"minecraft:dirt":476,"minecraft:cobweb":41,"minecraft:oak_leaves":20,"minecraft:deepslate":26},"minecraft:custom":{"minecraft:mob_kills":27,"minecraft:interact_with_crafting_table":37,"minecraft:leave_game":10,"minecraft:time_since_death":166526,"minecraft:sprint_one_cm":316753,"minecraft:walk_one_cm":778626,"minecraft:drop":50,"minecraft:play_time":211012,"minecraft:deaths":5,"minecraft:sneak_time":3605,"minecraft:walk_under_water_one_cm":22471,"minecraft:jump":2262,"minecraft:walk_on_water_one_cm":43662,"minecraft:total_world_time":211012,"minecraft:interact_with_furnace":25,"minecraft:sleep_in_bed":5,"minecraft:time_since_rest":3051,"minecraft:damage_taken":2630,"minecraft:damage_dealt":4599,"minecraft:fly_one_cm":231418,"minecraft:open_chest":14,"minecraft:crouch_one_cm":6462,"minecraft:fall_one_cm":39124},"minecraft:killed_by":{"minecraft:player":1,"minecraft:skeleton":1,"minecraft:zombie":1},"minecraft:dropped":{"minecraft:wheat_seeds":1,"minecraft:oak_fence":3,"minecraft:cobblestone":1,"minecraft:chest_minecart":1,"minecraft:leather":6,"minecraft:granite":2,"minecraft:acacia_log":1,"minecraft:rail":6,"minecraft:dirt":1,"minecraft:diorite":1,"minecraft:torch":12,"minecraft:mutton":2,"minecraft:iron_pickaxe":4,"minecraft:gravel":1,"minecraft:stone_sword":1,"minecraft:cobbled_deepslate":5,"minecraft:raw_iron":44,"minecraft:rotten_flesh":1,"minecraft:diamond_shovel":1,"minecraft:white_bed":1,"minecraft:acacia_sapling":2,"minecraft:sandstone":1,"minecraft:wooden_pickaxe":1,"minecraft:stone_pickaxe":3,"minecraft:arrow":1,"minecraft:powered_rail":4,"minecraft:beef":1},"minecraft:picked_up":{"minecraft:crafting_table":6,"minecraft:chest_minecart":1,"minecraft:wooden_pickaxe":2,"minecraft:amethyst_block":4,"minecraft:oak_trapdoor":1,"minecraft:string":90,"minecraft:raw_copper":58,"minecraft:cooked_salmon":4,"minecraft:cobbled_deepslate":25,"minecraft:beef":4,"minecraft:iron_pickaxe":3,"minecraft:furnace":2,"minecraft:egg":9,"minecraft:stick":13,"minecraft:raw_iron":179,"minecraft:sandstone":1,"minecraft:oak_fence":6,"minecraft:torch":42,"minecraft:acacia_log":40,"minecraft:diorite":446,"minecraft:stone_sword":2,"minecraft:arrow":5,"minecraft:rotten_flesh":10,"minecraft:mutton":12,"minecraft:rail":7,"minecraft:white_wool":5,"minecraft:cobblestone":2208,"minecraft:stripped_oak_log":1,"minecraft:feather":5,"minecraft:cooked_beef":8,"minecraft:andesite":4,"minecraft:leather":10,"minecraft:flint":2,"minecraft:oak_log":196,"minecraft:gunpowder":5,"minecraft:dirt":484,"minecraft:cooked_mutton":2,"minecraft:bone":1,"minecraft:acacia_planks":61,"minecraft:apple":2,"minecraft:wheat_seeds":4,"minecraft:cooked_chicken":6,"minecraft:stone_pickaxe":4,"minecraft:iron_ingot":11,"minecraft:powered_rail":4,"minecraft:acacia_sapling":2,"minecraft:oak_planks":76,"minecraft:gravel":15,"minecraft:sand":1,"minecraft:white_bed":3,"minecraft:diamond_shovel":1,"minecraft:diamond":5,"minecraft:stone_axe":1,"minecraft:granite":455,"minecraft:gray_wool":1,"minecraft:bread":2,"minecraft:oak_sapling":3,"minecraft:coal":135}},"DataVersion":3465}