{"stats":{"minecraft:mined":{"minecraft:oak_log":14,"minecraft:rail":13,"minecraft:dead_bush":18,"minecraft:sugar_cane":2,"minecraft:pumpkin":3,"minecraft:oak_leaves":12,"minecraft:crafting_table":1},"minecraft:crafted":{"minecraft:oak_planks":44,"minecraft:wooden_axe":1},"minecraft:picked_up":{"minecraft:stick":21,"minecraft:crafting_table":1,"minecraft:pumpkin":3,"minecraft:oak_log":14,"minecraft:oak_sapling":2,"minecraft:sugar_cane":4,"minecraft:rail":13},"minecraft:used":{"minecraft:crafting_table":1},"minecraft:custom":{"minecraft:time_since_rest":15350,"minecraft:crouch_one_cm":131,"minecraft:play_time":15350,"minecraft:sprint_one_cm":586,"minecraft:damage_taken":10,"minecraft:walk_one_cm":102453,"minecraft:sneak_time":31,"minecraft:walk_under_water_one_cm":258,"minecraft:jump":128,"minecraft:time_since_death":15350,"minecraft:walk_on_water_one_cm":8094,"minecraft:total_world_time":15350,"minecraft:fall_one_cm":1082,"minecraft:interact_with_crafting_table":7,"minecraft:fly_one_cm":27}},"DataVersion":3465}