{"stats":{"minecraft:used":{"minecraft:stone_sword":66,"minecraft:iron_shovel":349,"minecraft:stone_shovel":200,"minecraft:chest":12,"minecraft:cooked_chicken":1,"minecraft:cooked_salmon":12,"minecraft:torch":46,"minecraft:dirt":397,"minecraft:wooden_axe":44,"minecraft:iron_axe":391,"minecraft:oak_stairs":47,"minecraft:furnace":10,"minecraft:cobbled_deepslate":3,"minecraft:cooked_beef":6,"minecraft:acacia_planks":68,"minecraft:stone_pickaxe":271,"minecraft:oak_planks":15,"minecraft:wooden_pickaxe":29,"minecraft:crafting_table":8,"minecraft:white_bed":4,"minecraft:apple":2,"minecraft:acacia_door":1,"minecraft:chicken":2,"minecraft:iron_pickaxe":76,"minecraft:gravel":4,"minecraft:stone_axe":104,"minecraft:cobblestone":94,"minecraft:birch_log":9},"minecraft:broken":{"minecraft:iron_shovel":1,"minecraft:stone_pickaxe":1,"minecraft:iron_axe":1,"minecraft:stone_shovel":1},"minecraft:killed":{"minecraft:skeleton":3,"minecraft:chicken":3,"minecraft:drowned":1,"minecraft:pig":1,"minecraft:salmon":33,"minecraft:sheep":1,"minecraft:zombie":3,"minecraft:enderman":1,"minecraft:cow":5},"minecraft:crafted":{"minecraft:oak_planks":348,"minecraft:stone_shovel":1,"minecraft:cooked_chicken":1,"minecraft:furnace":6,"minecraft:iron_axe":2,"minecraft:stone_pickaxe":4,"minecraft:chest":5,"minecraft:cooked_beef":11,"minecraft:crafting_table":5,"minecraft:wooden_pickaxe":1,"minecraft:cooked_salmon":14,"minecraft:stone_axe":2,"minecraft:charcoal":6,"minecraft:stick":48,"minecraft:iron_ingot":41,"minecraft:oak_stairs":60,"minecraft:wooden_axe":1,"minecraft:stone_sword":2,"minecraft:iron_shovel":2,"minecraft:acacia_door":3,"minecraft:white_bed":2,"minecraft:acacia_planks":192,"minecraft:torch":116,"minecraft:shears":1},"minecraft:mined":{"minecraft:white_bed":4,"minecraft:glow_lichen":1,"minecraft:acacia_log":55,"minecraft:grass_block":178,"minecraft:tall_seagrass":2,"minecraft:furnace":6,"minecraft:iron_ore":24,"minecraft:andesite":12,"minecraft:rail":15,"minecraft:oak_stairs":3,"minecraft:stone":268,"minecraft:acacia_leaves":8,"minecraft:crafting_table":3,"minecraft:chest":7,"minecraft:tall_grass":12,"minecraft:cobblestone":4,"minecraft:oak_planks":1,"minecraft:diorite":3,"minecraft:wall_torch":6,"minecraft:seagrass":3,"minecraft:birch_log":39,"minecraft:birch_leaves":5,"minecraft:grass":277,"minecraft:coal_ore":22,"minecraft:oak_log":246,"minecraft:cocoa":9,"minecraft:dirt":299,"minecraft:gravel":8,"minecraft:cobweb":4,"minecraft:acacia_planks":27,"minecraft:oak_leaves":141},"minecraft:custom":{"minecraft:mob_kills":51,"minecraft:interact_with_crafting_table":43,"minecraft:leave_game":2,"minecraft:time_since_death":114441,"minecraft:climb_one_cm":96,"minecraft:sprint_one_cm":59039,"minecraft:walk_one_cm":664784,"minecraft:drop":83,"minecraft:play_time":152658,"minecraft:deaths":2,"minecraft:sneak_time":2345,"minecraft:walk_under_water_one_cm":26300,"minecraft:jump":1378,"minecraft:walk_on_water_one_cm":21351,"minecraft:total_world_time":152658,"minecraft:interact_with_furnace":33,"minecraft:sleep_in_bed":2,"minecraft:time_since_rest":62628,"minecraft:damage_taken":2111,"minecraft:damage_dealt":4200,"minecraft:swim_one_cm":3091,"minecraft:fly_one_cm":113007,"minecraft:player_kills":3,"minecraft:open_chest":57,"minecraft:crouch_one_cm":11671,"minecraft:fall_one_cm":35195},"minecraft:dropped":{"minecraft:iron_ingot":9,"minecraft:bread":4,"minecraft:cooked_beef":2,"minecraft:cobblestone":188,"minecraft:oak_fence":3,"minecraft:chest_minecart":1,"minecraft:granite":8,"minecraft:rail":1,"minecraft:coal":48,"minecraft:flint":2,"minecraft:diorite":36,"minecraft:torch":52,"minecraft:wooden_axe":1,"minecraft:cooked_salmon":10,"minecraft:sand":6,"minecraft:acacia_door":2,"minecraft:string":1,"minecraft:acacia_planks":86,"minecraft:gravel":9,"minecraft:furnace":1,"minecraft:stone_axe":1,"minecraft:stone_sword":4,"minecraft:raw_copper":9,"minecraft:rotten_flesh":2,"minecraft:white_bed":1,"minecraft:gunpowder":2,"minecraft:oak_sapling":1,"minecraft:spider_eye":1,"minecraft:arrow":3,"minecraft:stone_pickaxe":2,"minecraft:wooden_pickaxe":2},"minecraft:picked_up":{"minecraft:wooden_axe":3,"minecraft:cocoa_beans":25,"minecraft:crafting_table":4,"minecraft:chicken":3,"minecraft:chest_minecart":4,"minecraft:wooden_pickaxe":5,"minecraft:oak_stairs":3,"minecraft:string":5,"minecraft:raw_copper":9,"minecraft:cooked_salmon":15,"minecraft:acacia_door":4,"minecraft:cobbled_deepslate":5,"minecraft:beef":10,"minecraft:calcite":4,"minecraft:iron_pickaxe":1,"minecraft:light_gray_wool":6,"minecraft:chest":7,"minecraft:birch_sapling":10,"minecraft:furnace":6,"minecraft:raw_iron":65,"minecraft:stick":51,"minecraft:oak_fence":12,"minecraft:torch":99,"minecraft:acacia_log":70,"minecraft:diorite":38,"minecraft:stone_sword":6,"minecraft:arrow":3,"minecraft:rotten_flesh":4,"minecraft:shears":1,"minecraft:gold_ingot":3,"minecraft:mutton":2,"minecraft:rail":16,"minecraft:white_wool":30,"minecraft:cobblestone":670,"minecraft:birch_log":40,"minecraft:leather_chestplate":1,"minecraft:feather":2,"minecraft:cooked_beef":4,"minecraft:andesite":15,"minecraft:salmon":29,"minecraft:leather":18,"minecraft:potato":2,"minecraft:flint":2,"minecraft:oak_log":245,"minecraft:gunpowder":6,"minecraft:dirt":411,"minecraft:bone":6,"minecraft:acacia_planks":196,"minecraft:apple":6,"minecraft:wheat_seeds":34,"minecraft:stone_pickaxe":1,"minecraft:iron_ingot":3,"minecraft:powered_rail":8,"minecraft:oak_planks":26,"minecraft:acacia_sapling":6,"minecraft:gravel":18,"minecraft:sand":6,"minecraft:ink_sac":2,"minecraft:white_bed":4,"minecraft:spider_eye":1,"minecraft:stone_axe":1,"minecraft:granite":10,"minecraft:bone_meal":4,"minecraft:bread":6,"minecraft:oak_sapling":57,"minecraft:coal":162}},"DataVersion":3465}