{"stats":{"minecraft:used":{"minecraft:iron_shovel":1502,"minecraft:chest":43,"minecraft:stone":536,"minecraft:soul_sand":1,"minecraft:mutton":1,"minecraft:milk_bucket":1,"minecraft:obsidian":10,"minecraft:glass":1166,"minecraft:lava_bucket":39,"minecraft:lantern":2,"minecraft:birch_sapling":1,"minecraft:item_frame":6,"minecraft:bow":4,"minecraft:furnace":27,"minecraft:egg":89,"minecraft:potato":185,"minecraft:diorite":1,"minecraft:oak_planks":1632,"minecraft:stone_pickaxe":279,"minecraft:wooden_pickaxe":29,"minecraft:sugar_cane":91,"minecraft:shears":1,"minecraft:lever":1,"minecraft:acacia_door":1,"minecraft:bread":43,"minecraft:gravel":4,"minecraft:nether_wart_block":2,"minecraft:diamond_sword":454,"minecraft:birch_log":9,"minecraft:oak_fence":297,"minecraft:oak_trapdoor":26,"minecraft:enchanting_table":2,"minecraft:stone_sword":66,"minecraft:flint_and_steel":1,"minecraft:armor_stand":5,"minecraft:carved_pumpkin":1,"minecraft:stone_shovel":200,"minecraft:spruce_planks":36,"minecraft:cooked_salmon":19,"minecraft:cooked_chicken":5,"minecraft:stone_hoe":200,"minecraft:netherrack":192,"minecraft:oak_door":2,"minecraft:torch":208,"minecraft:dirt":1441,"minecraft:anvil":2,"minecraft:nether_quartz_ore":15,"minecraft:golden_shovel":64,"minecraft:oak_fence_gate":13,"minecraft:shroomlight":3,"minecraft:wooden_axe":47,"minecraft:bookshelf":50,"minecraft:iron_block":8,"minecraft:iron_axe":1959,"minecraft:oak_stairs":115,"minecraft:glowstone":87,"minecraft:cooked_beef":46,"minecraft:cobbled_deepslate":3,"minecraft:acacia_planks":69,"minecraft:pumpkin":4,"minecraft:wheat_seeds":987,"minecraft:cooked_mutton":2,"minecraft:acacia_boat":1,"minecraft:water_bucket":153,"minecraft:baked_potato":179,"minecraft:oak_slab":228,"minecraft:crafting_table":26,"minecraft:white_bed":12,"minecraft:cake":6,"minecraft:oak_log":1,"minecraft:diamond_pickaxe":3466,"minecraft:apple":5,"minecraft:diamond_shovel":1005,"minecraft:chicken":2,"minecraft:iron_pickaxe":5219,"minecraft:crimson_nylium":1,"minecraft:stone_axe":115,"minecraft:cobblestone":189,"minecraft:bucket":193},"minecraft:broken":{"minecraft:golden_helmet":1,"minecraft:iron_shovel":6,"minecraft:iron_boots":1,"minecraft:iron_chestplate":1,"minecraft:golden_shovel":2,"minecraft:iron_leggings":1,"minecraft:stone_pickaxe":1,"minecraft:diamond_pickaxe":1,"minecraft:wooden_axe":1,"minecraft:stone_shovel":1,"minecraft:leather_helmet":1,"minecraft:leather_chestplate":1,"minecraft:stone_hoe":1,"minecraft:iron_axe":8,"minecraft:iron_pickaxe":14,"minecraft:iron_helmet":1},"minecraft:killed":{"minecraft:spider":10,"minecraft:skeleton":14,"minecraft:chicken":100,"minecraft:piglin":2,"minecraft:pig":3,"minecraft:salmon":37,"minecraft:creeper":7,"minecraft:sheep":2,"minecraft:zombie":516,"minecraft:cow":121,"minecraft:drowned":1,"minecraft:hoglin":1,"minecraft:enderman":5},"minecraft:crafted":{"minecraft:smooth_stone":3,"minecraft:oak_planks":3236,"minecraft:cooked_chicken":85,"minecraft:stone":296,"minecraft:lever":1,"minecraft:diamond_shovel":1,"minecraft:bookshelf":50,"minecraft:cooked_mutton":2,"minecraft:cake":6,"minecraft:glass":920,"minecraft:iron_boots":1,"minecraft:chest":27,"minecraft:stone_hoe":4,"minecraft:stone_bricks":4,"minecraft:oak_fence":291,"minecraft:item_frame":6,"minecraft:oak_slab":222,"minecraft:cooked_porkchop":2,"minecraft:crafting_table":11,"minecraft:iron_helmet":1,"minecraft:wooden_pickaxe":2,"minecraft:baked_potato":209,"minecraft:birch_planks":128,"minecraft:diamond_pickaxe":2,"minecraft:book":91,"minecraft:paper":273,"minecraft:charcoal":6,"minecraft:stone_slab":6,"minecraft:stick":1052,"minecraft:iron_ingot":137,"minecraft:iron_pickaxe":17,"minecraft:iron_block":7,"minecraft:stone_sword":2,"minecraft:acacia_door":3,"minecraft:gold_ingot":38,"minecraft:shears":1,"minecraft:oak_door":3,"minecraft:stone_shovel":1,"minecraft:smooth_stone_slab":6,"minecraft:golden_chestplate":1,"minecraft:iron_nugget":387,"minecraft:furnace":16,"minecraft:oak_trapdoor":24,"minecraft:flint_and_steel":1,"minecraft:lantern":2,"minecraft:iron_axe":10,"minecraft:stone_pickaxe":6,"minecraft:netherite_scrap":6,"minecraft:golden_helmet":1,"minecraft:cooked_beef":112,"minecraft:sugar":25,"minecraft:diamond_sword":1,"minecraft:enchanting_table":1,"minecraft:cooked_salmon":14,"minecraft:leather_helmet":1,"minecraft:golden_shovel":2,"minecraft:bucket":3,"minecraft:stone_axe":3,"minecraft:bread":59,"minecraft:acacia_boat":2,"minecraft:oak_fence_gate":11,"minecraft:gold_nugget":27,"minecraft:oak_stairs":120,"minecraft:wooden_axe":1,"minecraft:iron_shovel":6,"minecraft:armor_stand":4,"minecraft:iron_leggings":1,"minecraft:anvil":1,"minecraft:white_bed":9,"minecraft:acacia_planks":316,"minecraft:torch":296},"minecraft:mined":{"minecraft:spruce_planks":36,"minecraft:white_bed":5,"minecraft:carved_pumpkin":1,"minecraft:obsidian":14,"minecraft:granite":10,"minecraft:acacia_log":70,"minecraft:grass_block":804,"minecraft:tall_seagrass":4,"minecraft:weeping_vines_plant":3,"minecraft:magma_block":10,"minecraft:glowstone":89,"minecraft:iron_ore":35,"minecraft:fire":12,"minecraft:pumpkin":7,"minecraft:deepslate_lapis_ore":4,"minecraft:anvil":1,"minecraft:enchanting_table":1,"minecraft:dirt_path":1,"minecraft:oak_stairs":29,"minecraft:iron_block":4,"minecraft:deepslate_redstone_ore":9,"minecraft:brown_mushroom":1,"minecraft:blackstone":121,"minecraft:crimson_nylium":25,"minecraft:soul_fire":2,"minecraft:torch":15,"minecraft:poppy":5,"minecraft:chest":16,"minecraft:mushroom_stem":2,"minecraft:nether_quartz_ore":476,"minecraft:glass":540,"minecraft:cobblestone":35,"minecraft:sugar_cane":219,"minecraft:oak_planks":226,"minecraft:wall_torch":9,"minecraft:seagrass":6,"minecraft:nether_wart_block":9,"minecraft:birch_log":40,"minecraft:wheat":867,"minecraft:lilac":2,"minecraft:grass":726,"minecraft:oak_log":744,"minecraft:oak_fence_gate":2,"minecraft:sand":1002,"minecraft:dirt":838,"minecraft:red_mushroom_block":6,"minecraft:netherrack":5972,"minecraft:ancient_debris":6,"minecraft:oak_leaves":371,"minecraft:deepslate":4,"minecraft:nether_gold_ore":60,"minecraft:oak_door":2,"minecraft:glow_lichen":2,"minecraft:lever":1,"minecraft:crimson_roots":9,"minecraft:weeping_vines":1,"minecraft:oak_trapdoor":10,"minecraft:furnace":13,"minecraft:andesite":14,"minecraft:bookshelf":23,"minecraft:potatoes":137,"minecraft:deepslate_iron_ore":11,"minecraft:shroomlight":3,"minecraft:rail":15,"minecraft:stone":1330,"minecraft:cake":1,"minecraft:oak_slab":32,"minecraft:acacia_leaves":13,"minecraft:soul_sand":27,"minecraft:lily_of_the_valley":1,"minecraft:dandelion":4,"minecraft:oak_fence":19,"minecraft:crafting_table":12,"minecraft:stone_slab":1,"minecraft:tall_grass":49,"minecraft:lapis_ore":2,"minecraft:deepslate_gold_ore":13,"minecraft:diorite":6,"minecraft:birch_leaves":7,"minecraft:coal_ore":61,"minecraft:cocoa":13,"minecraft:gravel":109,"minecraft:cobweb":4,"minecraft:acacia_planks":28},"minecraft:custom":{"minecraft:animals_bred":338,"minecraft:interact_with_crafting_table":230,"minecraft:eat_cake_slice":2,"minecraft:leave_game":28,"minecraft:time_since_death":44950,"minecraft:sprint_one_cm":999127,"minecraft:drop":436,"minecraft:play_time":1337643,"minecraft:deaths":47,"minecraft:jump":13488,"minecraft:walk_on_water_one_cm":116356,"minecraft:enchant_item":28,"minecraft:interact_with_furnace":312,"minecraft:sleep_in_bed":20,"minecraft:damage_dealt":42715,"minecraft:player_kills":6,"minecraft:crouch_one_cm":114886,"minecraft:interact_with_smoker":3,"minecraft:interact_with_anvil":6,"minecraft:mob_kills":827,"minecraft:climb_one_cm":22104,"minecraft:walk_one_cm":5928703,"minecraft:sneak_time":26228,"minecraft:walk_under_water_one_cm":52444,"minecraft:boat_one_cm":133019,"minecraft:total_world_time":1337643,"minecraft:time_since_rest":44981,"minecraft:damage_taken":29798,"minecraft:swim_one_cm":9628,"minecraft:fly_one_cm":2209729,"minecraft:open_chest":743,"minecraft:fall_one_cm":502351},"minecraft:killed_by":{"minecraft:zombified_piglin":2,"minecraft:zombie":2,"minecraft:player":13,"minecraft:spider":1,"minecraft:enderman":1,"minecraft:hoglin":2,"minecraft:skeleton":1},"minecraft:dropped":{"minecraft:brown_mushroom":1,"minecraft:cooked_beef":3,"minecraft:baked_potato":30,"minecraft:diamond":1,"minecraft:chest_minecart":1,"minecraft:rail":1,"minecraft:red_mushroom":4,"minecraft:flint":2,"minecraft:dirt":17,"minecraft:gold_nugget":15,"minecraft:sand":6,"minecraft:iron_pickaxe":1,"minecraft:acacia_door":2,"minecraft:gold_ingot":24,"minecraft:gravel":18,"minecraft:oak_door":4,"minecraft:stone_axe":2,"minecraft:blackstone":1,"minecraft:iron_nugget":11,"minecraft:cooked_chicken":1,"minecraft:golden_chestplate":1,"minecraft:cobbled_deepslate":2,"minecraft:wheat":6,"minecraft:birch_sapling":21,"minecraft:rotten_flesh":265,"minecraft:oak_planks":382,"minecraft:diamond_shovel":2,"minecraft:white_bed":1,"minecraft:carrot":34,"minecraft:poppy":4,"minecraft:gunpowder":2,"minecraft:acacia_sapling":1,"minecraft:arrow":4,"minecraft:glass":2,"minecraft:quartz":67,"minecraft:netherrack":861,"minecraft:egg":226,"minecraft:stone_hoe":3,"minecraft:enchanted_book":2,"minecraft:iron_ingot":9,"minecraft:bread":20,"minecraft:oak_slab":36,"minecraft:wheat_seeds":134,"minecraft:lilac":2,"minecraft:poisonous_potato":3,"minecraft:cobblestone":240,"minecraft:oak_fence":3,"minecraft:feather":16,"minecraft:granite":18,"minecraft:grass_block":2,"minecraft:coal":49,"minecraft:stick":2,"minecraft:diorite":38,"minecraft:torch":101,"minecraft:nether_wart_block":7,"minecraft:wooden_axe":1,"minecraft:cooked_salmon":10,"minecraft:oak_stairs":5,"minecraft:iron_axe":4,"minecraft:iron_shovel":1,"minecraft:string":1,"minecraft:bucket":1,"minecraft:acacia_planks":86,"minecraft:dandelion":3,"minecraft:furnace":1,"minecraft:oak_trapdoor":1,"minecraft:stone_sword":4,"minecraft:raw_copper":9,"minecraft:chicken":4,"minecraft:pumpkin_seeds":8,"minecraft:lily_of_the_valley":2,"minecraft:diamond_sword":2,"minecraft:stone":5,"minecraft:spruce_planks":64,"minecraft:diamond_pickaxe":2,"minecraft:andesite":2,"minecraft:oak_sapling":30,"minecraft:spider_eye":5,"minecraft:bow":2,"minecraft:stone_pickaxe":3,"minecraft:wooden_pickaxe":2,"minecraft:magma_block":3},"minecraft:picked_up":{"minecraft:wooden_axe":4,"minecraft:iron_chestplate":1,"minecraft:wheat":797,"minecraft:anvil":1,"minecraft:stone_slab":1,"minecraft:diamond_sword":2,"minecraft:oak_stairs":50,"minecraft:enchanted_book":1,"minecraft:string":12,"minecraft:raw_copper":9,"minecraft:cooked_salmon":15,"minecraft:iron_leggings":1,"minecraft:armor_stand":1,"minecraft:shroomlight":3,"minecraft:gold_nugget":228,"minecraft:cobbled_deepslate":7,"minecraft:bucket":4,"minecraft:spruce_planks":36,"minecraft:calcite":4,"minecraft:iron_pickaxe":2,"minecraft:furnace":13,"minecraft:stick":102,"minecraft:oak_fence":34,"minecraft:torch":125,"minecraft:acacia_log":85,"minecraft:porkchop":6,"minecraft:diorite":41,"minecraft:stone_sword":6,"minecraft:nether_gold_ore":4,"minecraft:rotten_flesh":338,"minecraft:iron_block":4,"minecraft:carved_pumpkin":1,"minecraft:glowstone":82,"minecraft:obsidian":14,"minecraft:cobblestone":1652,"minecraft:birch_log":41,"minecraft:enchanting_table":1,"minecraft:magma_block":9,"minecraft:leather_chestplate":1,"minecraft:cooked_beef":8,"minecraft:feather":96,"minecraft:lilac":2,"minecraft:andesite":17,"minecraft:potato":472,"minecraft:flint":12,"minecraft:lapis_lazuli":51,"minecraft:dirt":1868,"minecraft:glass":508,"minecraft:bone":20,"minecraft:acacia_planks":197,"minecraft:bow":4,"minecraft:wheat_seeds":2307,"minecraft:raw_gold":12,"minecraft:glowstone_dust":4,"minecraft:powered_rail":8,"minecraft:stone_hoe":3,"minecraft:oak_planks":305,"minecraft:poisonous_potato":5,"minecraft:sand":990,"minecraft:ink_sac":2,"minecraft:grass_block":4,"minecraft:lily_of_the_valley":2,"minecraft:diamond":6,"minecraft:granite":20,"minecraft:bone_meal":7,"minecraft:bread":6,"minecraft:oak_sapling":142,"minecraft:netherrack":3162,"minecraft:crimson_roots":7,"minecraft:diamond_pickaxe":2,"minecraft:cocoa_beans":62,"minecraft:crafting_table":15,"minecraft:chicken":96,"minecraft:chest_minecart":4,"minecraft:brown_mushroom":1,"minecraft:wooden_pickaxe":5,"minecraft:oak_trapdoor":8,"minecraft:iron_axe":4,"minecraft:acacia_door":6,"minecraft:iron_shovel":1,"minecraft:blackstone":96,"minecraft:beef":244,"minecraft:iron_nugget":11,"minecraft:poppy":4,"minecraft:light_gray_wool":6,"minecraft:sugar_cane":403,"minecraft:chest":16,"minecraft:birch_sapling":32,"minecraft:egg":571,"minecraft:raw_iron":115,"minecraft:stone":263,"minecraft:oak_door":3,"minecraft:carrot":66,"minecraft:redstone":42,"minecraft:weeping_vines":1,"minecraft:arrow":14,"minecraft:shears":1,"minecraft:gold_ingot":27,"minecraft:mutton":5,"minecraft:rail":16,"minecraft:white_wool":40,"minecraft:salmon":33,"minecraft:leather":140,"minecraft:red_mushroom":4,"minecraft:oak_log":772,"minecraft:ancient_debris":6,"minecraft:nether_wart_block":9,"minecraft:gunpowder":14,"minecraft:paper":6,"minecraft:apple":20,"minecraft:iron_ingot":11,"minecraft:oak_fence_gate":2,"minecraft:stone_pickaxe":3,"minecraft:cooked_chicken":17,"minecraft:acacia_sapling":7,"minecraft:soul_sand":28,"minecraft:book":69,"minecraft:oak_slab":61,"minecraft:nether_quartz_ore":29,"minecraft:milk_bucket":3,"minecraft:pumpkin":7,"minecraft:quartz":376,"minecraft:dandelion":3,"minecraft:gravel":54,"minecraft:white_bed":6,"minecraft:spider_eye":8,"minecraft:diamond_shovel":2,"minecraft:pumpkin_seeds":8,"minecraft:stone_axe":2,"minecraft:gray_wool":1,"minecraft:baked_potato":22,"minecraft:crimson_nylium":14,"minecraft:coal":272,"minecraft:ender_pearl":1}},"DataVersion":3465}