{"stats":{"minecraft:used":{"minecraft:oak_fence":241,"minecraft:stone_sword":66,"minecraft:iron_shovel":1429,"minecraft:stone_shovel":200,"minecraft:chest":20,"minecraft:stone":27,"minecraft:cooked_salmon":19,"minecraft:cooked_chicken":1,"minecraft:stone_hoe":166,"minecraft:torch":81,"minecraft:dirt":1375,"minecraft:mutton":1,"minecraft:oak_fence_gate":9,"minecraft:wooden_axe":47,"minecraft:iron_axe":681,"minecraft:oak_stairs":47,"minecraft:furnace":13,"minecraft:egg":18,"minecraft:cooked_beef":9,"minecraft:cobbled_deepslate":3,"minecraft:potato":38,"minecraft:acacia_planks":68,"minecraft:cooked_mutton":2,"minecraft:wheat_seeds":350,"minecraft:water_bucket":87,"minecraft:stone_pickaxe":271,"minecraft:oak_planks":162,"minecraft:wooden_pickaxe":29,"minecraft:sugar_cane":29,"minecraft:oak_slab":52,"minecraft:crafting_table":13,"minecraft:white_bed":8,"minecraft:oak_log":1,"minecraft:apple":5,"minecraft:acacia_door":1,"minecraft:chicken":2,"minecraft:bread":14,"minecraft:iron_pickaxe":196,"minecraft:gravel":4,"minecraft:stone_axe":115,"minecraft:cobblestone":98,"minecraft:bucket":87,"minecraft:birch_log":9},"minecraft:broken":{"minecraft:iron_shovel":5,"minecraft:stone_hoe":1,"minecraft:stone_pickaxe":1,"minecraft:iron_axe":2,"minecraft:wooden_axe":1,"minecraft:stone_shovel":1},"minecraft:killed":{"minecraft:skeleton":5,"minecraft:chicken":7,"minecraft:drowned":1,"minecraft:pig":2,"minecraft:salmon":33,"minecraft:sheep":2,"minecraft:zombie":3,"minecraft:enderman":1,"minecraft:cow":6},"minecraft:crafted":{"minecraft:oak_planks":1084,"minecraft:stone_shovel":1,"minecraft:cooked_chicken":1,"minecraft:furnace":6,"minecraft:cooked_mutton":2,"minecraft:iron_axe":3,"minecraft:stone_pickaxe":4,"minecraft:chest":7,"minecraft:stone_hoe":2,"minecraft:oak_fence":228,"minecraft:cooked_beef":11,"minecraft:oak_slab":42,"minecraft:crafting_table":6,"minecraft:wooden_pickaxe":1,"minecraft:cooked_salmon":14,"minecraft:bucket":1,"minecraft:stone_axe":3,"minecraft:bread":32,"minecraft:oak_fence_gate":8,"minecraft:charcoal":6,"minecraft:stick":312,"minecraft:iron_ingot":41,"minecraft:oak_stairs":60,"minecraft:wooden_axe":1,"minecraft:stone_sword":2,"minecraft:iron_shovel":6,"minecraft:acacia_door":3,"minecraft:white_bed":3,"minecraft:acacia_planks":192,"minecraft:torch":116,"minecraft:shears":1},"minecraft:mined":{"minecraft:white_bed":5,"minecraft:glow_lichen":1,"minecraft:acacia_log":55,"minecraft:grass_block":755,"minecraft:tall_seagrass":2,"minecraft:furnace":9,"minecraft:iron_ore":24,"minecraft:andesite":12,"minecraft:potatoes":13,"minecraft:rail":15,"minecraft:oak_stairs":3,"minecraft:stone":346,"minecraft:oak_slab":12,"minecraft:acacia_leaves":8,"minecraft:dandelion":4,"minecraft:oak_fence":17,"minecraft:crafting_table":6,"minecraft:torch":8,"minecraft:poppy":5,"minecraft:chest":13,"minecraft:tall_grass":35,"minecraft:cobblestone":13,"minecraft:sugar_cane":10,"minecraft:oak_planks":24,"minecraft:wall_torch":6,"minecraft:diorite":3,"minecraft:seagrass":3,"minecraft:birch_log":40,"minecraft:wheat":224,"minecraft:birch_leaves":5,"minecraft:grass":691,"minecraft:oak_log":396,"minecraft:coal_ore":50,"minecraft:cocoa":9,"minecraft:oak_fence_gate":1,"minecraft:gravel":8,"minecraft:dirt":778,"minecraft:cobweb":4,"minecraft:acacia_planks":27,"minecraft:oak_leaves":257},"minecraft:custom":{"minecraft:mob_kills":60,"minecraft:animals_bred":19,"minecraft:interact_with_crafting_table":71,"minecraft:leave_game":7,"minecraft:time_since_death":290442,"minecraft:climb_one_cm":96,"minecraft:sprint_one_cm":178567,"minecraft:walk_one_cm":1703038,"minecraft:drop":112,"minecraft:play_time":328659,"minecraft:sneak_time":11283,"minecraft:deaths":2,"minecraft:walk_under_water_one_cm":27933,"minecraft:jump":2742,"minecraft:walk_on_water_one_cm":38191,"minecraft:total_world_time":328659,"minecraft:interact_with_furnace":39,"minecraft:sleep_in_bed":14,"minecraft:time_since_rest":4110,"minecraft:damage_taken":3807,"minecraft:damage_dealt":5581,"minecraft:swim_one_cm":3361,"minecraft:fly_one_cm":248905,"minecraft:player_kills":4,"minecraft:open_chest":112,"minecraft:crouch_one_cm":52309,"minecraft:fall_one_cm":77544},"minecraft:dropped":{"minecraft:stone_hoe":1,"minecraft:iron_ingot":9,"minecraft:bread":9,"minecraft:cooked_beef":2,"minecraft:cobblestone":188,"minecraft:oak_fence":3,"minecraft:chest_minecart":1,"minecraft:granite":8,"minecraft:rail":1,"minecraft:coal":48,"minecraft:flint":2,"minecraft:diorite":36,"minecraft:torch":52,"minecraft:wooden_axe":1,"minecraft:cooked_salmon":10,"minecraft:oak_stairs":1,"minecraft:sand":6,"minecraft:iron_axe":2,"minecraft:iron_pickaxe":1,"minecraft:acacia_door":2,"minecraft:string":1,"minecraft:acacia_planks":86,"minecraft:gravel":9,"minecraft:furnace":1,"minecraft:stone_axe":1,"minecraft:stone_sword":4,"minecraft:raw_copper":9,"minecraft:birch_sapling":21,"minecraft:rotten_flesh":2,"minecraft:oak_planks":316,"minecraft:white_bed":1,"minecraft:stone":1,"minecraft:gunpowder":2,"minecraft:oak_sapling":1,"minecraft:spider_eye":1,"minecraft:wooden_pickaxe":2,"minecraft:arrow":3,"minecraft:stone_pickaxe":2},"minecraft:picked_up":{"minecraft:wooden_axe":4,"minecraft:cocoa_beans":50,"minecraft:crafting_table":7,"minecraft:wheat":182,"minecraft:chicken":7,"minecraft:chest_minecart":4,"minecraft:wooden_pickaxe":5,"minecraft:oak_stairs":4,"minecraft:string":5,"minecraft:acacia_door":6,"minecraft:raw_copper":9,"minecraft:iron_axe":2,"minecraft:cooked_salmon":15,"minecraft:cobbled_deepslate":5,"minecraft:beef":12,"minecraft:calcite":4,"minecraft:poppy":4,"minecraft:iron_pickaxe":2,"minecraft:light_gray_wool":6,"minecraft:sugar_cane":29,"minecraft:chest":13,"minecraft:birch_sapling":31,"minecraft:furnace":9,"minecraft:egg":19,"minecraft:stick":86,"minecraft:raw_iron":65,"minecraft:stone":64,"minecraft:oak_fence":32,"minecraft:torch":109,"minecraft:acacia_log":70,"minecraft:porkchop":1,"minecraft:diorite":38,"minecraft:stone_sword":6,"minecraft:arrow":3,"minecraft:rotten_flesh":7,"minecraft:shears":1,"minecraft:gold_ingot":3,"minecraft:mutton":5,"minecraft:rail":16,"minecraft:white_wool":30,"minecraft:cobblestone":756,"minecraft:birch_log":41,"minecraft:leather_chestplate":1,"minecraft:feather":5,"minecraft:cooked_beef":7,"minecraft:andesite":15,"minecraft:salmon":29,"minecraft:leather":26,"minecraft:potato":40,"minecraft:flint":2,"minecraft:oak_log":393,"minecraft:gunpowder":6,"minecraft:dirt":1726,"minecraft:bone":10,"minecraft:acacia_planks":196,"minecraft:apple":13,"minecraft:bow":1,"minecraft:wheat_seeds":630,"minecraft:stone_pickaxe":1,"minecraft:oak_fence_gate":1,"minecraft:iron_ingot":3,"minecraft:powered_rail":8,"minecraft:acacia_sapling":6,"minecraft:stone_hoe":1,"minecraft:oak_planks":48,"minecraft:oak_slab":15,"minecraft:dandelion":3,"minecraft:gravel":18,"minecraft:sand":6,"minecraft:ink_sac":2,"minecraft:white_bed":6,"minecraft:spider_eye":1,"minecraft:stone_axe":1,"minecraft:granite":10,"minecraft:bone_meal":6,"minecraft:gray_wool":1,"minecraft:bread":6,"minecraft:oak_sapling":104,"minecraft:coal":207}},"DataVersion":3465}