{"stats":{"minecraft:used":{"minecraft:iron_shovel":1502,"minecraft:chest":28,"minecraft:stone":370,"minecraft:mutton":1,"minecraft:milk_bucket":1,"minecraft:glass":602,"minecraft:lava_bucket":19,"minecraft:bow":4,"minecraft:furnace":17,"minecraft:egg":71,"minecraft:potato":185,"minecraft:diorite":1,"minecraft:stone_pickaxe":279,"minecraft:oak_planks":857,"minecraft:wooden_pickaxe":29,"minecraft:sugar_cane":91,"minecraft:shears":1,"minecraft:acacia_door":1,"minecraft:bread":43,"minecraft:gravel":4,"minecraft:diamond_sword":42,"minecraft:birch_log":9,"minecraft:oak_fence":241,"minecraft:enchanting_table":2,"minecraft:stone_sword":66,"minecraft:carved_pumpkin":1,"minecraft:stone_shovel":200,"minecraft:cooked_salmon":19,"minecraft:stone_hoe":200,"minecraft:cooked_chicken":5,"minecraft:torch":176,"minecraft:dirt":1403,"minecraft:anvil":2,"minecraft:golden_shovel":64,"minecraft:oak_fence_gate":9,"minecraft:wooden_axe":47,"minecraft:bookshelf":50,"minecraft:iron_block":8,"minecraft:iron_axe":1515,"minecraft:oak_stairs":94,"minecraft:cooked_beef":11,"minecraft:acacia_planks":68,"minecraft:cobbled_deepslate":3,"minecraft:pumpkin":4,"minecraft:wheat_seeds":876,"minecraft:cooked_mutton":2,"minecraft:acacia_boat":1,"minecraft:water_bucket":132,"minecraft:baked_potato":77,"minecraft:oak_slab":52,"minecraft:crafting_table":14,"minecraft:white_bed":8,"minecraft:oak_log":1,"minecraft:diamond_pickaxe":291,"minecraft:apple":5,"minecraft:diamond_shovel":654,"minecraft:chicken":2,"minecraft:iron_pickaxe":844,"minecraft:stone_axe":115,"minecraft:cobblestone":168,"minecraft:bucket":152},"minecraft:broken":{"minecraft:golden_helmet":1,"minecraft:iron_shovel":6,"minecraft:iron_boots":1,"minecraft:golden_shovel":2,"minecraft:stone_pickaxe":1,"minecraft:wooden_axe":1,"minecraft:stone_shovel":1,"minecraft:leather_helmet":1,"minecraft:leather_chestplate":1,"minecraft:stone_hoe":1,"minecraft:iron_axe":6,"minecraft:iron_pickaxe":2},"minecraft:killed":{"minecraft:spider":8,"minecraft:skeleton":14,"minecraft:chicken":96,"minecraft:pig":3,"minecraft:salmon":37,"minecraft:creeper":4,"minecraft:sheep":2,"minecraft:zombie":21,"minecraft:cow":99,"minecraft:drowned":1,"minecraft:enderman":3},"minecraft:crafted":{"minecraft:oak_planks":2204,"minecraft:cooked_chicken":85,"minecraft:stone":248,"minecraft:diamond_shovel":1,"minecraft:bookshelf":50,"minecraft:cooked_mutton":2,"minecraft:glass":584,"minecraft:iron_boots":1,"minecraft:chest":13,"minecraft:stone_hoe":4,"minecraft:oak_fence":228,"minecraft:oak_slab":42,"minecraft:cooked_porkchop":2,"minecraft:crafting_table":7,"minecraft:iron_helmet":1,"minecraft:wooden_pickaxe":1,"minecraft:baked_potato":209,"minecraft:diamond_pickaxe":2,"minecraft:book":87,"minecraft:paper":273,"minecraft:charcoal":6,"minecraft:stone_slab":6,"minecraft:stick":364,"minecraft:iron_ingot":97,"minecraft:iron_pickaxe":2,"minecraft:iron_block":7,"minecraft:stone_sword":2,"minecraft:acacia_door":3,"minecraft:gold_ingot":12,"minecraft:shears":1,"minecraft:stone_shovel":1,"minecraft:golden_chestplate":1,"minecraft:furnace":7,"minecraft:iron_axe":7,"minecraft:stone_pickaxe":6,"minecraft:golden_helmet":1,"minecraft:cooked_beef":112,"minecraft:sugar":10,"minecraft:diamond_sword":1,"minecraft:enchanting_table":1,"minecraft:cooked_salmon":14,"minecraft:golden_shovel":2,"minecraft:leather_helmet":1,"minecraft:bucket":1,"minecraft:stone_axe":3,"minecraft:acacia_boat":2,"minecraft:bread":59,"minecraft:oak_fence_gate":8,"minecraft:wooden_axe":1,"minecraft:oak_stairs":100,"minecraft:iron_shovel":6,"minecraft:iron_leggings":1,"minecraft:anvil":1,"minecraft:white_bed":3,"minecraft:acacia_planks":256,"minecraft:torch":256},"minecraft:mined":{"minecraft:white_bed":5,"minecraft:carved_pumpkin":1,"minecraft:obsidian":4,"minecraft:granite":10,"minecraft:acacia_log":70,"minecraft:grass_block":781,"minecraft:tall_seagrass":4,"minecraft:iron_ore":35,"minecraft:fire":2,"minecraft:pumpkin":7,"minecraft:deepslate_lapis_ore":4,"minecraft:anvil":1,"minecraft:enchanting_table":1,"minecraft:dirt_path":1,"minecraft:oak_stairs":26,"minecraft:iron_block":4,"minecraft:deepslate_redstone_ore":9,"minecraft:torch":14,"minecraft:poppy":5,"minecraft:chest":15,"minecraft:mushroom_stem":2,"minecraft:glass":19,"minecraft:cobblestone":33,"minecraft:sugar_cane":219,"minecraft:oak_planks":82,"minecraft:wall_torch":7,"minecraft:seagrass":6,"minecraft:birch_log":40,"minecraft:wheat":760,"minecraft:lilac":1,"minecraft:grass":715,"minecraft:oak_log":561,"minecraft:oak_fence_gate":1,"minecraft:sand":711,"minecraft:dirt":831,"minecraft:red_mushroom_block":6,"minecraft:oak_leaves":344,"minecraft:deepslate":4,"minecraft:glow_lichen":2,"minecraft:furnace":12,"minecraft:andesite":14,"minecraft:bookshelf":23,"minecraft:potatoes":137,"minecraft:deepslate_iron_ore":11,"minecraft:rail":15,"minecraft:stone":1138,"minecraft:oak_slab":12,"minecraft:acacia_leaves":13,"minecraft:lily_of_the_valley":1,"minecraft:dandelion":4,"minecraft:oak_fence":17,"minecraft:crafting_table":6,"minecraft:stone_slab":1,"minecraft:tall_grass":48,"minecraft:lapis_ore":2,"minecraft:deepslate_gold_ore":13,"minecraft:diorite":6,"minecraft:birch_leaves":5,"minecraft:coal_ore":60,"minecraft:cocoa":13,"minecraft:gravel":38,"minecraft:cobweb":4,"minecraft:acacia_planks":27},"minecraft:custom":{"minecraft:animals_bred":305,"minecraft:interact_with_crafting_table":139,"minecraft:leave_game":16,"minecraft:time_since_death":17534,"minecraft:sprint_one_cm":553166,"minecraft:drop":254,"minecraft:play_time":761491,"minecraft:deaths":12,"minecraft:jump":8308,"minecraft:walk_on_water_one_cm":105660,"minecraft:enchant_item":7,"minecraft:interact_with_furnace":228,"minecraft:sleep_in_bed":18,"minecraft:damage_dealt":29917,"minecraft:player_kills":4,"minecraft:crouch_one_cm":100091,"minecraft:interact_with_smoker":3,"minecraft:mob_kills":291,"minecraft:interact_with_anvil":3,"minecraft:climb_one_cm":10624,"minecraft:walk_one_cm":3751224,"minecraft:sneak_time":22879,"minecraft:walk_under_water_one_cm":44516,"minecraft:boat_one_cm":133019,"minecraft:total_world_time":761491,"minecraft:time_since_rest":17570,"minecraft:damage_taken":11896,"minecraft:swim_one_cm":7857,"minecraft:fly_one_cm":1309552,"minecraft:open_chest":379,"minecraft:fall_one_cm":282195},"minecraft:killed_by":{"minecraft:zombie":1,"minecraft:player":2,"minecraft:spider":1,"minecraft:skeleton":1},"minecraft:dropped":{"minecraft:cooked_beef":2,"minecraft:baked_potato":29,"minecraft:diamond":1,"minecraft:chest_minecart":1,"minecraft:rail":1,"minecraft:red_mushroom":4,"minecraft:flint":2,"minecraft:dirt":5,"minecraft:sand":6,"minecraft:iron_pickaxe":1,"minecraft:acacia_door":2,"minecraft:gravel":9,"minecraft:stone_axe":2,"minecraft:golden_chestplate":1,"minecraft:cobbled_deepslate":2,"minecraft:birch_sapling":21,"minecraft:rotten_flesh":18,"minecraft:oak_planks":318,"minecraft:diamond_shovel":2,"minecraft:white_bed":1,"minecraft:poppy":4,"minecraft:gunpowder":2,"minecraft:acacia_sapling":1,"minecraft:arrow":4,"minecraft:egg":217,"minecraft:stone_hoe":3,"minecraft:iron_ingot":9,"minecraft:bread":20,"minecraft:lilac":2,"minecraft:poisonous_potato":3,"minecraft:cobblestone":199,"minecraft:feather":10,"minecraft:oak_fence":3,"minecraft:granite":18,"minecraft:coal":49,"minecraft:diorite":38,"minecraft:torch":52,"minecraft:wooden_axe":1,"minecraft:cooked_salmon":10,"minecraft:oak_stairs":1,"minecraft:iron_axe":4,"minecraft:iron_shovel":1,"minecraft:string":1,"minecraft:acacia_planks":86,"minecraft:bucket":1,"minecraft:dandelion":3,"minecraft:furnace":1,"minecraft:stone_sword":4,"minecraft:raw_copper":9,"minecraft:chicken":2,"minecraft:pumpkin_seeds":8,"minecraft:lily_of_the_valley":2,"minecraft:stone":4,"minecraft:diamond_pickaxe":1,"minecraft:andesite":2,"minecraft:oak_sapling":6,"minecraft:spider_eye":5,"minecraft:bow":2,"minecraft:stone_pickaxe":3,"minecraft:wooden_pickaxe":2},"minecraft:picked_up":{"minecraft:wooden_axe":4,"minecraft:iron_chestplate":1,"minecraft:wheat":687,"minecraft:anvil":1,"minecraft:stone_slab":1,"minecraft:oak_stairs":43,"minecraft:string":12,"minecraft:raw_copper":9,"minecraft:cooked_salmon":15,"minecraft:iron_leggings":1,"minecraft:cobbled_deepslate":7,"minecraft:bucket":1,"minecraft:calcite":4,"minecraft:iron_pickaxe":2,"minecraft:furnace":12,"minecraft:stick":90,"minecraft:oak_fence":32,"minecraft:acacia_log":85,"minecraft:torch":119,"minecraft:porkchop":2,"minecraft:diorite":41,"minecraft:stone_sword":6,"minecraft:rotten_flesh":21,"minecraft:iron_block":4,"minecraft:carved_pumpkin":1,"minecraft:obsidian":4,"minecraft:cobblestone":1549,"minecraft:enchanting_table":1,"minecraft:birch_log":41,"minecraft:leather_chestplate":1,"minecraft:cooked_beef":7,"minecraft:feather":88,"minecraft:lilac":2,"minecraft:andesite":17,"minecraft:potato":470,"minecraft:flint":8,"minecraft:lapis_lazuli":51,"minecraft:dirt":1811,"minecraft:glass":18,"minecraft:bone":18,"minecraft:acacia_planks":196,"minecraft:bow":4,"minecraft:wheat_seeds":2020,"minecraft:raw_gold":12,"minecraft:powered_rail":8,"minecraft:stone_hoe":3,"minecraft:oak_planks":100,"minecraft:poisonous_potato":5,"minecraft:sand":706,"minecraft:ink_sac":2,"minecraft:grass_block":2,"minecraft:lily_of_the_valley":2,"minecraft:diamond":6,"minecraft:granite":20,"minecraft:bone_meal":7,"minecraft:bread":6,"minecraft:oak_sapling":114,"minecraft:diamond_pickaxe":1,"minecraft:cocoa_beans":62,"minecraft:crafting_table":7,"minecraft:chicken":92,"minecraft:chest_minecart":4,"minecraft:wooden_pickaxe":5,"minecraft:iron_axe":4,"minecraft:acacia_door":6,"minecraft:iron_shovel":1,"minecraft:beef":205,"minecraft:poppy":4,"minecraft:light_gray_wool":6,"minecraft:sugar_cane":389,"minecraft:chest":15,"minecraft:birch_sapling":31,"minecraft:egg":474,"minecraft:raw_iron":115,"minecraft:stone":129,"minecraft:redstone":42,"minecraft:arrow":14,"minecraft:shears":1,"minecraft:gold_ingot":3,"minecraft:mutton":5,"minecraft:white_wool":30,"minecraft:rail":16,"minecraft:salmon":33,"minecraft:leather":110,"minecraft:red_mushroom":4,"minecraft:oak_log":557,"minecraft:gunpowder":8,"minecraft:paper":6,"minecraft:apple":15,"minecraft:oak_fence_gate":1,"minecraft:iron_ingot":8,"minecraft:stone_pickaxe":3,"minecraft:acacia_sapling":7,"minecraft:book":69,"minecraft:oak_slab":15,"minecraft:pumpkin":7,"minecraft:dandelion":3,"minecraft:gravel":42,"minecraft:white_bed":6,"minecraft:spider_eye":7,"minecraft:pumpkin_seeds":8,"minecraft:diamond_shovel":2,"minecraft:stone_axe":2,"minecraft:gray_wool":1,"minecraft:baked_potato":22,"minecraft:coal":260,"minecraft:ender_pearl":1}},"DataVersion":3465}