{"stats":{"minecraft:mined":{"minecraft:dark_oak_planks":9,"minecraft:yellow_terracotta":2,"minecraft:deepslate_redstone_ore":12,"minecraft:deepslate_diamond_ore":7,"minecraft:orange_terracotta":1,"minecraft:crafting_table":4,"minecraft:torch":2,"minecraft:dead_bush":21,"minecraft:wall_torch":4,"minecraft:red_terracotta":2,"minecraft:furnace":3,"minecraft:iron_ore":4,"minecraft:deepslate_lapis_ore":4,"minecraft:pointed_dripstone":2,"minecraft:coal_ore":14,"minecraft:deepslate_iron_ore":34,"minecraft:cobweb":7,"minecraft:terracotta":6,"minecraft:stone":23,"minecraft:deepslate":11},"minecraft:killed_by":{"minecraft:skeleton":3,"minecraft:creeper":1},"minecraft:killed":{"minecraft:cave_spider":1,"minecraft:spider":3,"minecraft:creeper":1,"minecraft:zombie":5,"minecraft:glow_squid":1},"minecraft:crafted":{"minecraft:crafting_table":1,"minecraft:wooden_pickaxe":1,"minecraft:iron_sword":1,"minecraft:furnace":1,"minecraft:stone_axe":1,"minecraft:air":0,"minecraft:iron_axe":1,"minecraft:stick":4,"minecraft:iron_ingot":34,"minecraft:iron_pickaxe":1,"minecraft:stone_pickaxe":1},"minecraft:picked_up":{"minecraft:crafting_table":4,"minecraft:glow_ink_sac":11,"minecraft:chest_minecart":1,"minecraft:gunpowder":3,"minecraft:lapis_lazuli":30,"minecraft:string":7,"minecraft:orange_terracotta":1,"minecraft:activator_rail":2,"minecraft:cobbled_deepslate":12,"minecraft:stone_pickaxe":1,"minecraft:iron_sword":1,"minecraft:furnace":3,"minecraft:stick":20,"minecraft:raw_iron":38,"minecraft:torch":6,"minecraft:pointed_dripstone":4,"minecraft:carrot":1,"minecraft:redstone":54,"minecraft:red_terracotta":2,"minecraft:spider_eye":1,"minecraft:dark_oak_planks":9,"minecraft:rotten_flesh":4,"minecraft:diamond":7,"minecraft:stone_axe":1,"minecraft:yellow_terracotta":2,"minecraft:terracotta":6,"minecraft:coal":26,"minecraft:rail":1,"minecraft:cobblestone":23},"minecraft:used":{"minecraft:stone_pickaxe":49,"minecraft:wooden_pickaxe":18,"minecraft:iron_sword":52,"minecraft:torch":5,"minecraft:golden_apple":1,"minecraft:yellow_terracotta":2,"minecraft:terracotta":6,"minecraft:crafting_table":5,"minecraft:carrot":1,"minecraft:iron_axe":2,"minecraft:iron_pickaxe":60,"minecraft:red_terracotta":2,"minecraft:stone_axe":12,"minecraft:furnace":4,"minecraft:cobbled_deepslate":12,"minecraft:orange_terracotta":1},"minecraft:custom":{"minecraft:interact_with_furnace":10,"minecraft:mob_kills":13,"minecraft:interact_with_crafting_table":12,"minecraft:leave_game":2,"minecraft:time_since_death":4093,"minecraft:time_since_rest":4117,"minecraft:walk_one_cm":58064,"minecraft:sprint_one_cm":92925,"minecraft:damage_taken":1498,"minecraft:damage_absorbed":40,"minecraft:drop":3,"minecraft:damage_dealt":2455,"minecraft:swim_one_cm":12357,"minecraft:fly_one_cm":106339,"minecraft:crouch_one_cm":11110,"minecraft:play_time":47877,"minecraft:deaths":5,"minecraft:sneak_time":3864,"minecraft:walk_under_water_one_cm":4875,"minecraft:jump":622,"minecraft:walk_on_water_one_cm":16996,"minecraft:total_world_time":47877,"minecraft:fall_one_cm":35026},"minecraft:dropped":{"minecraft:iron_sword":1,"minecraft:stone_axe":1,"minecraft:stone_pickaxe":1}},"DataVersion":3465}