{"stats":{"minecraft:mined":{"minecraft:spruce_planks":25,"minecraft:white_bed":2,"minecraft:farmland":20,"minecraft:granite":116,"minecraft:acacia_log":75,"minecraft:grass_block":433,"minecraft:spruce_leaves":1,"minecraft:sandstone":16,"minecraft:furnace":2,"minecraft:iron_ore":10,"minecraft:fire":5,"minecraft:andesite":113,"minecraft:vine":1,"minecraft:rail":130,"minecraft:cobblestone_slab":25,"minecraft:dirt_path":36,"minecraft:oak_stairs":4,"minecraft:bamboo":62,"minecraft:stone":754,"minecraft:spruce_slab":2,"minecraft:podzol":6,"minecraft:acacia_leaves":552,"minecraft:quartz_block":24,"minecraft:cornflower":1,"minecraft:oak_fence":8,"minecraft:crafting_table":5,"minecraft:torch":15,"minecraft:chest":4,"minecraft:tall_grass":50,"minecraft:copper_ore":6,"minecraft:cobblestone":5,"minecraft:diorite":5,"minecraft:wall_torch":3,"minecraft:spruce_stairs":1,"minecraft:wheat":203,"minecraft:spruce_log":162,"minecraft:grass":480,"minecraft:oak_log":35,"minecraft:coal_ore":27,"minecraft:gravel":86,"minecraft:sand":1118,"minecraft:dirt":306,"minecraft:oak_leaves":168,"minecraft:fern":3},"minecraft:killed_by":{"minecraft:zombie":1},"minecraft:killed":{"minecraft:spider":4,"minecraft:phantom":9,"minecraft:skeleton":8,"minecraft:creeper":1,"minecraft:sheep":3,"minecraft:zombie":16},"minecraft:broken":{"minecraft:shears":3,"minecraft:diamond_shovel":1,"minecraft:wooden_hoe":2},"minecraft:crafted":{"minecraft:oak_planks":124,"minecraft:cobblestone_slab":18,"minecraft:furnace":2,"minecraft:stone":128,"minecraft:diamond_shovel":2,"minecraft:spruce_stairs":4,"minecraft:diamond_helmet":1,"minecraft:diamond_leggings":1,"minecraft:ladder":24,"minecraft:chest":17,"minecraft:diamond_boots":1,"minecraft:spruce_boat":2,"minecraft:oak_fence":9,"minecraft:oak_slab":12,"minecraft:diamond_sword":1,"minecraft:diamond_axe":1,"minecraft:crafting_table":2,"minecraft:spruce_planks":124,"minecraft:bread":56,"minecraft:air":0,"minecraft:oak_boat":1,"minecraft:wooden_hoe":3,"minecraft:diamond_pickaxe":1,"minecraft:stick":68,"minecraft:oak_stairs":4,"minecraft:white_bed":1,"minecraft:torch":120,"minecraft:shears":2,"minecraft:diamond_chestplate":1},"minecraft:picked_up":{"minecraft:crafting_table":5,"minecraft:wheat":197,"minecraft:lead":1,"minecraft:oak_stairs":6,"minecraft:cornflower":1,"minecraft:string":4,"minecraft:raw_copper":790,"minecraft:flint_and_steel":2,"minecraft:gold_nugget":14,"minecraft:spruce_planks":26,"minecraft:acacia_sign":1,"minecraft:oak_boat":3,"minecraft:cobblestone_slab":31,"minecraft:iron_nugget":12,"minecraft:spruce_slab":2,"minecraft:minecart":4,"minecraft:chest":3,"minecraft:phantom_membrane":5,"minecraft:egg":2,"minecraft:furnace":2,"minecraft:stick":37,"minecraft:raw_iron":10,"minecraft:sandstone":25,"minecraft:stone":64,"minecraft:oak_fence":7,"minecraft:spruce_stairs":3,"minecraft:torch":86,"minecraft:acacia_log":91,"minecraft:diorite":15,"minecraft:carrot":192,"minecraft:quartz_block":145,"minecraft:rotten_flesh":12,"minecraft:arrow":4,"minecraft:tropical_fish":1,"minecraft:shears":2,"minecraft:mutton":6,"minecraft:obsidian":8,"minecraft:rail":133,"minecraft:white_wool":3,"minecraft:cobblestone":838,"minecraft:cooked_beef":18,"minecraft:jungle_log":1,"minecraft:andesite":306,"minecraft:acacia_leaves":534,"minecraft:flint":9,"minecraft:oak_log":35,"minecraft:cobblestone_stairs":16,"minecraft:wooden_hoe":1,"minecraft:dirt":1604,"minecraft:glass":64,"minecraft:bone":5,"minecraft:apple":2,"minecraft:wheat_seeds":1685,"minecraft:bamboo":642,"minecraft:oak_planks":74,"minecraft:gravel":76,"minecraft:sand":1605,"minecraft:spruce_sapling":87,"minecraft:white_bed":2,"minecraft:spruce_log":161,"minecraft:spider_eye":6,"minecraft:diamond":46,"minecraft:granite":274,"minecraft:grass":36,"minecraft:oak_sapling":12,"minecraft:oak_leaves":221,"minecraft:coal":1638},"minecraft:used":{"minecraft:oak_fence":16,"minecraft:acacia_log":47,"minecraft:flint_and_steel":5,"minecraft:ladder":22,"minecraft:spruce_planks":195,"minecraft:chest":18,"minecraft:torch":72,"minecraft:dirt":696,"minecraft:spruce_stairs":3,"minecraft:granite":1,"minecraft:spruce_boat":2,"minecraft:oak_stairs":6,"minecraft:quartz_block":70,"minecraft:bamboo":30,"minecraft:furnace":4,"minecraft:oak_sapling":8,"minecraft:minecart":2,"minecraft:egg":1,"minecraft:cooked_beef":18,"minecraft:wheat_seeds":278,"minecraft:sandstone":7,"minecraft:cobblestone_slab":37,"minecraft:diamond_axe":340,"minecraft:oak_leaves":119,"minecraft:sand":1138,"minecraft:rail":112,"minecraft:oak_slab":12,"minecraft:crafting_table":7,"minecraft:acacia_leaves":378,"minecraft:white_bed":3,"minecraft:shears":704,"minecraft:spruce_log":128,"minecraft:oak_log":6,"minecraft:wooden_hoe":372,"minecraft:diamond_pickaxe":1233,"minecraft:diamond_shovel":2263,"minecraft:acacia_sign":1,"minecraft:bread":32,"minecraft:spruce_sapling":24,"minecraft:diamond_sword":220,"minecraft:cobblestone":51,"minecraft:andesite":44,"minecraft:oak_boat":4},"minecraft:custom":{"minecraft:mob_kills":41,"minecraft:interact_with_crafting_table":44,"minecraft:leave_game":9,"minecraft:time_since_death":284851,"minecraft:climb_one_cm":41654,"minecraft:sprint_one_cm":1499852,"minecraft:walk_one_cm":1685649,"minecraft:drop":44,"minecraft:talked_to_villager":1,"minecraft:play_time":514974,"minecraft:deaths":1,"minecraft:sneak_time":14844,"minecraft:walk_under_water_one_cm":43340,"minecraft:boat_one_cm":19969,"minecraft:jump":2456,"minecraft:walk_on_water_one_cm":55718,"minecraft:total_world_time":514974,"minecraft:interact_with_furnace":5,"minecraft:sleep_in_bed":4,"minecraft:time_since_rest":193475,"minecraft:damage_taken":1356,"minecraft:damage_dealt":7586,"minecraft:swim_one_cm":20130,"minecraft:fly_one_cm":454468,"minecraft:open_chest":111,"minecraft:crouch_one_cm":52409,"minecraft:fall_one_cm":32904},"minecraft:dropped":{"minecraft:bread":12,"minecraft:wheat_seeds":251,"minecraft:minecart":1,"minecraft:cobblestone":16,"minecraft:apple":1,"minecraft:granite":128,"minecraft:dirt":80,"minecraft:diorite":10,"minecraft:torch":42,"minecraft:gold_nugget":14,"minecraft:phantom_membrane":2,"minecraft:sand":64,"minecraft:string":4,"minecraft:gravel":23,"minecraft:iron_nugget":12,"minecraft:rotten_flesh":12,"minecraft:oak_planks":41,"minecraft:andesite":181,"minecraft:quartz_block":75,"minecraft:oak_sapling":1,"minecraft:bamboo":258,"minecraft:sandstone":2,"minecraft:glass":64}},"DataVersion":3465}