{"stats":{"minecraft:used":{"minecraft:oak_fence":7,"minecraft:stone_sword":56,"minecraft:chest":2,"minecraft:oak_door":13,"minecraft:torch":68,"minecraft:dirt":409,"minecraft:granite":5,"minecraft:iron_hoe":228,"minecraft:glass":7,"minecraft:iron_axe":83,"minecraft:oak_stairs":5,"minecraft:furnace":3,"minecraft:egg":2,"minecraft:potato":3,"minecraft:acacia_planks":469,"minecraft:cobbled_deepslate":205,"minecraft:water_bucket":34,"minecraft:cobblestone_stairs":35,"minecraft:birch_leaves":1,"minecraft:stone_pickaxe":131,"minecraft:oak_planks":91,"minecraft:wooden_pickaxe":38,"minecraft:oak_leaves":336,"minecraft:salmon":3,"minecraft:crafting_table":2,"minecraft:white_bed":1,"minecraft:shears":413,"minecraft:acacia_stairs":37,"minecraft:acacia_door":1,"minecraft:bread":27,"minecraft:iron_pickaxe":935,"minecraft:stone_axe":285,"minecraft:cobblestone":11,"minecraft:bucket":34,"minecraft:dandelion":1},"minecraft:broken":{"minecraft:stone_sword":1,"minecraft:shears":1,"minecraft:stone_pickaxe":1,"minecraft:stone_axe":2,"minecraft:iron_pickaxe":4},"minecraft:killed":{"minecraft:zombie":5},"minecraft:crafted":{"minecraft:oak_door":6,"minecraft:oak_planks":176,"minecraft:cobblestone_stairs":32,"minecraft:glass":7,"minecraft:iron_axe":1,"minecraft:iron_hoe":1,"minecraft:stone_pickaxe":1,"minecraft:chest":2,"minecraft:bucket":1,"minecraft:acacia_stairs":40,"minecraft:stone_axe":3,"minecraft:stick":36,"minecraft:iron_ingot":25,"minecraft:iron_pickaxe":5,"minecraft:oak_stairs":4,"minecraft:gold_ingot":15,"minecraft:acacia_planks":344,"minecraft:torch":48,"minecraft:shears":2},"minecraft:mined":{"minecraft:tuff":1,"minecraft:white_bed":1,"minecraft:farmland":1,"minecraft:oak_door":8,"minecraft:cobblestone_stairs":6,"minecraft:glow_lichen":1,"minecraft:granite":9,"minecraft:acacia_log":86,"minecraft:grass_block":304,"minecraft:furnace":1,"minecraft:iron_ore":10,"minecraft:cobbled_deepslate":17,"minecraft:acacia_stairs":5,"minecraft:andesite":11,"minecraft:deepslate_lapis_ore":2,"minecraft:deepslate_iron_ore":32,"minecraft:oak_stairs":1,"minecraft:stone":265,"minecraft:deepslate_redstone_ore":5,"minecraft:acacia_leaves":14,"minecraft:dandelion":1,"minecraft:oak_fence":4,"minecraft:crafting_table":2,"minecraft:torch":6,"minecraft:copper_ore":10,"minecraft:tall_grass":2,"minecraft:cobblestone":11,"minecraft:deepslate_gold_ore":15,"minecraft:lapis_ore":4,"minecraft:oak_planks":9,"minecraft:diorite":35,"minecraft:wall_torch":7,"minecraft:deepslate_copper_ore":8,"minecraft:birch_log":1,"minecraft:birch_leaves":8,"minecraft:grass":170,"minecraft:coal_ore":27,"minecraft:oak_log":70,"minecraft:acacia_door":2,"minecraft:gravel":17,"minecraft:sand":10,"minecraft:dirt":108,"minecraft:acacia_planks":163,"minecraft:oak_leaves":419,"minecraft:deepslate":513},"minecraft:custom":{"minecraft:mob_kills":7,"minecraft:interact_with_crafting_table":45,"minecraft:leave_game":1,"minecraft:time_since_death":24424,"minecraft:sprint_one_cm":671324,"minecraft:walk_one_cm":1153286,"minecraft:drop":15,"minecraft:play_time":372362,"minecraft:deaths":5,"minecraft:sneak_time":7717,"minecraft:walk_under_water_one_cm":16978,"minecraft:jump":2703,"minecraft:walk_on_water_one_cm":29370,"minecraft:total_world_time":372362,"minecraft:interact_with_furnace":37,"minecraft:sleep_in_bed":15,"minecraft:time_since_rest":7621,"minecraft:damage_taken":1924,"minecraft:damage_dealt":1607,"minecraft:swim_one_cm":22855,"minecraft:fly_one_cm":309471,"minecraft:open_chest":28,"minecraft:crouch_one_cm":14631,"minecraft:fall_one_cm":45604},"minecraft:killed_by":{"minecraft:player":2,"minecraft:zombie":3},"minecraft:dropped":{"minecraft:wheat_seeds":20,"minecraft:granite":2,"minecraft:grass":1,"minecraft:iron_pickaxe":1,"minecraft:stone_axe":1,"minecraft:acacia_sapling":8,"minecraft:oak_sapling":7},"minecraft:picked_up":{"minecraft:wooden_axe":1,"minecraft:crafting_table":2,"minecraft:chest_minecart":1,"minecraft:wooden_pickaxe":2,"minecraft:oak_stairs":1,"minecraft:raw_copper":60,"minecraft:acacia_door":2,"minecraft:cobbled_deepslate":514,"minecraft:iron_pickaxe":2,"minecraft:light_gray_wool":6,"minecraft:furnace":3,"minecraft:egg":2,"minecraft:stick":15,"minecraft:raw_iron":42,"minecraft:oak_door":8,"minecraft:oak_fence":8,"minecraft:torch":63,"minecraft:acacia_log":86,"minecraft:diorite":33,"minecraft:redstone":22,"minecraft:stone_sword":1,"minecraft:rotten_flesh":7,"minecraft:cobblestone":278,"minecraft:birch_log":1,"minecraft:birch_leaves":8,"minecraft:salmon":3,"minecraft:andesite":14,"minecraft:flint":1,"minecraft:tuff":1,"minecraft:oak_log":71,"minecraft:gunpowder":2,"minecraft:cobblestone_stairs":6,"minecraft:lapis_lazuli":37,"minecraft:dirt":460,"minecraft:acacia_planks":163,"minecraft:apple":2,"minecraft:wheat_seeds":42,"minecraft:raw_gold":15,"minecraft:iron_ingot":3,"minecraft:powered_rail":4,"minecraft:acacia_sapling":14,"minecraft:oak_planks":66,"minecraft:dandelion":2,"minecraft:gravel":16,"minecraft:sand":10,"minecraft:ink_sac":3,"minecraft:white_bed":1,"minecraft:acacia_stairs":5,"minecraft:stone_axe":2,"minecraft:granite":11,"minecraft:grass":1,"minecraft:bread":29,"minecraft:oak_sapling":18,"minecraft:coal":27,"minecraft:oak_leaves":389}},"DataVersion":3465}