{"stats":{"minecraft:mined":{"minecraft:white_bed":2,"minecraft:oak_sapling":1,"minecraft:farmland":3,"minecraft:cobblestone_stairs":42,"minecraft:obsidian":14,"minecraft:cave_vines_plant":14,"minecraft:granite":142,"minecraft:acacia_log":110,"minecraft:grass_block":5278,"minecraft:crimson_fungus":1,"minecraft:oxeye_daisy":1,"minecraft:iron_ore":93,"minecraft:cobbled_deepslate":144,"minecraft:fire":6,"minecraft:deepslate_lapis_ore":25,"minecraft:cave_vines":17,"minecraft:dirt_path":116,"minecraft:oak_stairs":6,"minecraft:azalea":1,"minecraft:white_banner":1,"minecraft:deepslate_redstone_ore":8,"minecraft:quartz_block":2,"minecraft:amethyst_cluster":2,"minecraft:clay":2,"minecraft:torch":65,"minecraft:calcite":3,"minecraft:poppy":9,"minecraft:melon":10,"minecraft:chest":4,"minecraft:glass":2,"minecraft:nether_quartz_ore":1,"minecraft:cobblestone":231,"minecraft:sugar_cane":129,"minecraft:oak_planks":46,"minecraft:wall_torch":39,"minecraft:amethyst_block":1,"minecraft:deepslate_copper_ore":8,"minecraft:nether_wart_block":1,"minecraft:birch_log":18,"minecraft:wheat":875,"minecraft:lilac":44,"minecraft:grass":2500,"minecraft:oak_log":188,"minecraft:sand":665,"minecraft:dirt":3852,"minecraft:smooth_basalt":1,"minecraft:netherrack":50,"minecraft:oak_leaves":631,"minecraft:deepslate":2663,"minecraft:emerald_block":2,"minecraft:tuff":310,"minecraft:deepslate_diamond_ore":6,"minecraft:oak_door":12,"minecraft:dark_oak_log":9,"minecraft:glow_lichen":1,"minecraft:spruce_fence":28,"minecraft:spruce_leaves":27,"minecraft:large_fern":1,"minecraft:moss_block":3,"minecraft:spore_blossom":3,"minecraft:oak_trapdoor":26,"minecraft:spruce_sapling":1,"minecraft:furnace":1,"minecraft:carrots":249,"minecraft:acacia_stairs":30,"minecraft:andesite":277,"minecraft:stripped_spruce_log":2,"minecraft:deepslate_iron_ore":46,"minecraft:shroomlight":5,"minecraft:vine":3,"minecraft:lantern":5,"minecraft:stone":6518,"minecraft:podzol":3,"minecraft:oak_slab":9,"minecraft:acacia_leaves":34,"minecraft:glass_pane":4,"minecraft:dandelion":19,"minecraft:oak_fence":49,"minecraft:crafting_table":4,"minecraft:cornflower":3,"minecraft:spruce_button":1,"minecraft:emerald_ore":1,"minecraft:tall_grass":75,"minecraft:copper_ore":84,"minecraft:lapis_ore":20,"minecraft:deepslate_gold_ore":20,"minecraft:diorite":315,"minecraft:spruce_stairs":32,"minecraft:spruce_log":907,"minecraft:birch_leaves":103,"minecraft:coal_ore":355,"minecraft:cocoa":4,"minecraft:gravel":466,"minecraft:acacia_door":3,"minecraft:acacia_planks":163,"minecraft:stone_bricks":11,"minecraft:gold_ore":3,"minecraft:fern":6},"minecraft:killed_by":{"minecraft:creeper":3,"minecraft:piglin":1,"minecraft:zombie":13,"minecraft:player":8,"minecraft:spider":3,"minecraft:enderman":1,"minecraft:skeleton":6},"minecraft:killed":{"minecraft:witch":1,"minecraft:spider":13,"minecraft:skeleton":23,"minecraft:pillager":1,"minecraft:zombie":119,"minecraft:drowned":2,"minecraft:enderman":2},"minecraft:broken":{"minecraft:iron_shovel":11,"minecraft:shears":2,"minecraft:iron_boots":1,"minecraft:iron_chestplate":1,"minecraft:iron_leggings":1,"minecraft:stone_pickaxe":1,"minecraft:diamond_pickaxe":1,"minecraft:stone_axe":2,"minecraft:iron_hoe":1,"minecraft:stone_sword":1,"minecraft:flint_and_steel":1,"minecraft:iron_axe":1,"minecraft:iron_pickaxe":4,"minecraft:iron_helmet":1},"minecraft:crafted":{"minecraft:oak_planks":716,"minecraft:stone":192,"minecraft:cobblestone_stairs":324,"minecraft:bookshelf":1,"minecraft:glass":230,"minecraft:bow":1,"minecraft:diamond_helmet":1,"minecraft:diamond_leggings":1,"minecraft:chest":11,"minecraft:stone_bricks":128,"minecraft:oak_fence":135,"minecraft:oak_slab":102,"minecraft:arrow":124,"minecraft:emerald":72,"minecraft:crafting_table":6,"minecraft:spruce_planks":830,"minecraft:smithing_table":1,"minecraft:birch_planks":40,"minecraft:book":65,"minecraft:paper":231,"minecraft:diamond_pickaxe":1,"minecraft:stick":364,"minecraft:iron_ingot":67,"minecraft:iron_pickaxe":5,"minecraft:gold_ingot":40,"minecraft:shears":4,"minecraft:small_dripleaf":10,"minecraft:golden_carrot":299,"minecraft:oak_door":12,"minecraft:netherite_sword":1,"minecraft:iron_nugget":262,"minecraft:furnace":3,"minecraft:bone_meal":138,"minecraft:spruce_fence":358,"minecraft:oak_trapdoor":22,"minecraft:glass_pane":32,"minecraft:flint_and_steel":1,"minecraft:lantern":16,"minecraft:blue_ice":1,"minecraft:spruce_stairs":100,"minecraft:iron_axe":2,"minecraft:ladder":6,"minecraft:iron_hoe":2,"minecraft:stone_pickaxe":1,"minecraft:diamond_boots":1,"minecraft:netherite_pickaxe":1,"minecraft:diamond_sword":2,"minecraft:enchanting_table":1,"minecraft:acacia_stairs":48,"minecraft:bucket":1,"minecraft:stone_axe":3,"minecraft:bread":287,"minecraft:oak_fence_gate":2,"minecraft:gold_nugget":2498,"minecraft:white_dye":43,"minecraft:oak_stairs":56,"minecraft:iron_shovel":15,"minecraft:acacia_planks":344,"minecraft:torch":192,"minecraft:diamond_chestplate":1},"minecraft:picked_up":{"minecraft:wooden_axe":1,"minecraft:iron_chestplate":1,"minecraft:wheat":854,"minecraft:lead":1,"minecraft:diamond_sword":2,"minecraft:oak_stairs":6,"minecraft:potion":1,"minecraft:enchanted_book":1,"minecraft:string":18,"minecraft:raw_copper":659,"minecraft:iron_leggings":1,"minecraft:netherite_ingot":500,"minecraft:shroomlight":5,"minecraft:gold_nugget":26,"minecraft:cobbled_deepslate":688,"minecraft:bucket":4,"minecraft:spruce_planks":127,"minecraft:iron_pickaxe":2,"minecraft:melon_slice":48,"minecraft:furnace":3,"minecraft:iron_boots":2,"minecraft:stick":143,"minecraft:oak_fence":52,"minecraft:torch":271,"minecraft:acacia_log":90,"minecraft:spruce_stairs":32,"minecraft:diorite":144,"minecraft:quartz_block":257,"minecraft:stone_sword":1,"minecraft:rotten_flesh":275,"minecraft:obsidian":39,"minecraft:cobblestone":1972,"minecraft:birch_log":12,"minecraft:lilac":54,"minecraft:water_bucket":1,"minecraft:andesite":205,"minecraft:flint":132,"minecraft:tuff":1,"minecraft:lapis_lazuli":193,"minecraft:dirt":5311,"minecraft:lantern":71,"minecraft:bone":38,"minecraft:glass":17,"minecraft:acacia_planks":166,"minecraft:bow":2,"minecraft:wheat_seeds":4098,"minecraft:raw_gold":85,"minecraft:glowstone_dust":1,"minecraft:powered_rail":4,"minecraft:oak_planks":110,"minecraft:sand":389,"minecraft:stripped_spruce_log":1,"minecraft:ink_sac":10,"minecraft:grass_block":41,"minecraft:acacia_stairs":30,"minecraft:dark_oak_log":8,"minecraft:diamond":578,"minecraft:blue_ice":1,"minecraft:granite":47,"minecraft:grass":1,"minecraft:bone_meal":85,"minecraft:spruce_button":2,"minecraft:emerald":15,"minecraft:bread":29,"minecraft:oak_sapling":36,"minecraft:netherrack":51,"minecraft:oak_leaves":475,"minecraft:diamond_pickaxe":2,"minecraft:cocoa_beans":12,"minecraft:crafting_table":5,"minecraft:chest_minecart":1,"minecraft:wooden_pickaxe":2,"minecraft:cornflower":3,"minecraft:oak_trapdoor":26,"minecraft:moss_carpet":2,"minecraft:acacia_door":3,"minecraft:flint_and_steel":1,"minecraft:iron_shovel":1,"minecraft:light_gray_wool":6,"minecraft:iron_nugget":8,"minecraft:poppy":9,"minecraft:sugar_cane":263,"minecraft:chest":4,"minecraft:birch_sapling":3,"minecraft:egg":179,"minecraft:raw_iron":410,"minecraft:stone":6,"minecraft:oak_door":12,"minecraft:spruce_fence":27,"minecraft:carrot":981,"minecraft:redstone":22,"minecraft:arrow":39,"minecraft:gold_ingot":8,"minecraft:glow_berries":47,"minecraft:oxeye_daisy":2,"minecraft:birch_leaves":56,"minecraft:glow_ink_sac":5,"minecraft:salmon":3,"minecraft:leather":63,"minecraft:birch_planks":1,"minecraft:oak_log":197,"minecraft:gunpowder":4,"minecraft:cobblestone_stairs":43,"minecraft:paper":21,"minecraft:white_banner":2,"minecraft:apple":3,"minecraft:stone_bricks":29,"minecraft:iron_ingot":8,"minecraft:spore_blossom":3,"minecraft:glass_bottle":2,"minecraft:acacia_sapling":29,"minecraft:oak_slab":10,"minecraft:emerald_block":514,"minecraft:chiseled_stone_bricks":12,"minecraft:quartz":1,"minecraft:dandelion":21,"minecraft:gravel":16,"minecraft:amethyst_shard":208,"minecraft:spruce_sapling":51,"minecraft:white_bed":2,"minecraft:spruce_log":1022,"minecraft:spider_eye":9,"minecraft:stone_axe":2,"minecraft:iron_helmet":1,"minecraft:diamond_axe":1,"minecraft:baked_potato":16,"minecraft:coal":1024,"minecraft:ender_pearl":3},"minecraft:used":{"minecraft:iron_shovel":3597,"minecraft:ladder":6,"minecraft:poppy":7,"minecraft:chest":15,"minecraft:stone":1,"minecraft:carrot":487,"minecraft:acacia_sapling":1,"minecraft:obsidian":3,"minecraft:stripped_spruce_log":1,"minecraft:glass":270,"minecraft:lava_bucket":3,"minecraft:lantern":112,"minecraft:quartz_block":35,"minecraft:stone_bricks":115,"minecraft:bow":12,"minecraft:oak_sapling":1,"minecraft:furnace":6,"minecraft:egg":89,"minecraft:potato":3,"minecraft:birch_leaves":44,"minecraft:stone_pickaxe":131,"minecraft:oak_planks":196,"minecraft:wooden_pickaxe":38,"minecraft:diamond_axe":1021,"minecraft:sugar_cane":32,"minecraft:oak_leaves":493,"minecraft:glow_berries":40,"minecraft:sand":5,"minecraft:shears":565,"minecraft:acacia_door":3,"minecraft:bread":315,"minecraft:spore_blossom":3,"minecraft:lilac":40,"minecraft:diamond_sword":455,"minecraft:smithing_table":1,"minecraft:birch_log":1,"minecraft:oak_fence":184,"minecraft:bone_meal":88,"minecraft:oak_trapdoor":48,"minecraft:netherite_sword":330,"minecraft:enchanting_table":1,"minecraft:stone_sword":204,"minecraft:flint_and_steel":64,"minecraft:spruce_planks":20,"minecraft:netherrack":39,"minecraft:oak_door":23,"minecraft:torch":390,"minecraft:dirt":3872,"minecraft:spruce_stairs":90,"minecraft:granite":5,"minecraft:spruce_fence":383,"minecraft:oak_fence_gate":2,"minecraft:small_dripleaf":10,"minecraft:shroomlight":5,"minecraft:iron_hoe":560,"minecraft:bookshelf":1,"minecraft:iron_axe":483,"minecraft:oak_stairs":58,"minecraft:spruce_button":2,"minecraft:golden_carrot":29,"minecraft:emerald_block":2,"minecraft:netherite_pickaxe":8975,"minecraft:cobbled_deepslate":773,"minecraft:acacia_planks":473,"minecraft:wheat_seeds":888,"minecraft:water_bucket":476,"minecraft:cobblestone_stairs":298,"minecraft:birch_planks":16,"minecraft:baked_potato":16,"minecraft:salmon":3,"minecraft:oak_slab":105,"minecraft:crafting_table":9,"minecraft:white_bed":2,"minecraft:spruce_log":34,"minecraft:diamond_pickaxe":1550,"minecraft:acacia_stairs":76,"minecraft:apple":1,"minecraft:diamond_shovel":9341,"minecraft:iron_pickaxe":1039,"minecraft:spruce_sapling":5,"minecraft:stone_axe":285,"minecraft:cobblestone":678,"minecraft:white_banner":2,"minecraft:bucket":479,"minecraft:glass_pane":38,"minecraft:dandelion":6},"minecraft:custom":{"minecraft:animals_bred":1,"minecraft:interact_with_crafting_table":275,"minecraft:leave_game":14,"minecraft:time_since_death":83658,"minecraft:sprint_one_cm":7384361,"minecraft:drop":289,"minecraft:talked_to_villager":4,"minecraft:play_time":2349858,"minecraft:deaths":42,"minecraft:jump":25046,"minecraft:walk_on_water_one_cm":400288,"minecraft:enchant_item":10,"minecraft:interact_with_furnace":150,"minecraft:traded_with_villager":6,"minecraft:sleep_in_bed":39,"minecraft:damage_dealt":25403,"minecraft:player_kills":2,"minecraft:crouch_one_cm":71792,"minecraft:interact_with_smoker":2,"minecraft:interact_with_smithing_table":5,"minecraft:mob_kills":164,"minecraft:interact_with_anvil":2,"minecraft:climb_one_cm":78622,"minecraft:walk_one_cm":6189451,"minecraft:sneak_time":33652,"minecraft:walk_under_water_one_cm":130401,"minecraft:interact_with_blast_furnace":1,"minecraft:total_world_time":2349858,"minecraft:interact_with_grindstone":2,"minecraft:interact_with_stonecutter":3,"minecraft:time_since_rest":24028,"minecraft:damage_taken":18213,"minecraft:swim_one_cm":118610,"minecraft:fly_one_cm":4908153,"minecraft:open_chest":571,"minecraft:fall_one_cm":491845},"minecraft:dropped":{"minecraft:lapis_lazuli":13,"minecraft:oak_log":25,"minecraft:diamond":11,"minecraft:crafting_table":2,"minecraft:glow_berries":2,"minecraft:leather":2,"minecraft:flint":3,"minecraft:cobblestone_stairs":6,"minecraft:emerald":16,"minecraft:dirt":970,"minecraft:grass":1,"minecraft:dark_oak_log":8,"minecraft:gold_nugget":21,"minecraft:bone_meal":21,"minecraft:sand":15,"minecraft:iron_pickaxe":1,"minecraft:stone_axe":1,"minecraft:iron_nugget":17,"minecraft:cobbled_deepslate":8,"minecraft:obsidian":9,"minecraft:rotten_flesh":94,"minecraft:oak_planks":15,"minecraft:carrot":106,"minecraft:poppy":1,"minecraft:quartz_block":254,"minecraft:glowstone":411,"minecraft:acacia_sapling":22,"minecraft:arrow":94,"minecraft:netherrack":1000,"minecraft:egg":65,"minecraft:water_bucket":1,"minecraft:iron_ingot":4,"minecraft:wheat_seeds":933,"minecraft:cobblestone":872,"minecraft:book":60,"minecraft:granite":38,"minecraft:acacia_log":2,"minecraft:grass_block":41,"minecraft:coal":103,"minecraft:stick":3,"minecraft:oxeye_daisy":1,"minecraft:diorite":111,"minecraft:torch":2,"minecraft:oak_stairs":1,"minecraft:paper":1,"minecraft:iron_shovel":3,"minecraft:string":8,"minecraft:bucket":4,"minecraft:acacia_planks":3,"minecraft:spruce_sapling":1,"minecraft:dandelion":5,"minecraft:moss_carpet":2,"minecraft:stone_sword":1,"minecraft:raw_copper":512,"minecraft:raw_iron":330,"minecraft:iron_boots":1,"minecraft:iron_hoe":1,"minecraft:flint_and_steel":1,"minecraft:diamond_sword":2,"minecraft:spruce_planks":29,"minecraft:diamond_pickaxe":1,"minecraft:andesite":191,"minecraft:blue_ice":2,"minecraft:oak_sapling":16,"minecraft:spider_eye":9,"minecraft:stone_bricks":6,"minecraft:spruce_log":112,"minecraft:bow":1}},"DataVersion":3465}