{"stats":{"minecraft:used":{"minecraft:oak_fence":3,"minecraft:stone_sword":46,"minecraft:cobblestone_stairs":32,"minecraft:stone_pickaxe":131,"minecraft:oak_planks":91,"minecraft:chest":2,"minecraft:wooden_pickaxe":38,"minecraft:oak_door":8,"minecraft:salmon":3,"minecraft:torch":43,"minecraft:dirt":21,"minecraft:crafting_table":2,"minecraft:white_bed":1,"minecraft:granite":5,"minecraft:glass":7,"minecraft:acacia_stairs":21,"minecraft:acacia_door":1,"minecraft:oak_stairs":5,"minecraft:bread":12,"minecraft:iron_pickaxe":629,"minecraft:stone_axe":196,"minecraft:cobblestone":10,"minecraft:furnace":3,"minecraft:potato":3,"minecraft:acacia_planks":230},"minecraft:broken":{"minecraft:stone_pickaxe":1,"minecraft:stone_axe":1,"minecraft:stone_sword":1,"minecraft:iron_pickaxe":3},"minecraft:killed":{"minecraft:zombie":4},"minecraft:crafted":{"minecraft:oak_door":3,"minecraft:oak_planks":80,"minecraft:cobblestone_stairs":32,"minecraft:acacia_stairs":16,"minecraft:stone_axe":3,"minecraft:glass":7,"minecraft:stick":28,"minecraft:iron_ingot":8,"minecraft:iron_pickaxe":3,"minecraft:stone_pickaxe":1,"minecraft:oak_stairs":4,"minecraft:chest":2,"minecraft:acacia_planks":112,"minecraft:torch":48},"minecraft:mined":{"minecraft:tuff":1,"minecraft:white_bed":1,"minecraft:acacia_leaves":10,"minecraft:oak_door":5,"minecraft:cobblestone_stairs":3,"minecraft:oak_fence":3,"minecraft:crafting_table":2,"minecraft:granite":9,"minecraft:acacia_log":44,"minecraft:grass_block":60,"minecraft:cobblestone":11,"minecraft:deepslate_gold_ore":6,"minecraft:lapis_ore":4,"minecraft:oak_planks":9,"minecraft:diorite":8,"minecraft:wall_torch":7,"minecraft:furnace":1,"minecraft:birch_log":1,"minecraft:iron_ore":8,"minecraft:acacia_stairs":5,"minecraft:andesite":11,"minecraft:deepslate_lapis_ore":2,"minecraft:grass":85,"minecraft:coal_ore":25,"minecraft:oak_log":19,"minecraft:deepslate_iron_ore":10,"minecraft:oak_stairs":1,"minecraft:gravel":13,"minecraft:sand":10,"minecraft:acacia_door":2,"minecraft:dirt":15,"minecraft:acacia_planks":102,"minecraft:stone":261,"minecraft:oak_leaves":1,"minecraft:deepslate":372},"minecraft:custom":{"minecraft:interact_with_furnace":18,"minecraft:mob_kills":5,"minecraft:interact_with_crafting_table":21,"minecraft:time_since_death":38080,"minecraft:sleep_in_bed":2,"minecraft:time_since_rest":38111,"minecraft:sprint_one_cm":264258,"minecraft:damage_taken":1439,"minecraft:walk_one_cm":547279,"minecraft:drop":9,"minecraft:damage_dealt":1395,"minecraft:swim_one_cm":15436,"minecraft:fly_one_cm":166822,"minecraft:open_chest":8,"minecraft:crouch_one_cm":3488,"minecraft:play_time":177095,"minecraft:deaths":4,"minecraft:sneak_time":1783,"minecraft:walk_under_water_one_cm":10486,"minecraft:jump":1448,"minecraft:walk_on_water_one_cm":8831,"minecraft:total_world_time":177095,"minecraft:fall_one_cm":29834},"minecraft:killed_by":{"minecraft:player":1,"minecraft:zombie":3},"minecraft:dropped":{"minecraft:wheat_seeds":19,"minecraft:granite":2,"minecraft:acacia_sapling":7,"minecraft:oak_sapling":6},"minecraft:picked_up":{"minecraft:wooden_axe":1,"minecraft:birch_log":1,"minecraft:crafting_table":2,"minecraft:andesite":14,"minecraft:chest_minecart":1,"minecraft:salmon":3,"minecraft:wooden_pickaxe":2,"minecraft:oak_stairs":1,"minecraft:tuff":1,"minecraft:oak_log":20,"minecraft:gunpowder":2,"minecraft:cobblestone_stairs":3,"minecraft:lapis_lazuli":37,"minecraft:dirt":117,"minecraft:acacia_door":2,"minecraft:acacia_planks":105,"minecraft:apple":2,"minecraft:wheat_seeds":28,"minecraft:cobbled_deepslate":365,"minecraft:raw_gold":6,"minecraft:iron_ingot":3,"minecraft:iron_pickaxe":1,"minecraft:light_gray_wool":6,"minecraft:powered_rail":4,"minecraft:acacia_sapling":13,"minecraft:oak_planks":66,"minecraft:furnace":3,"minecraft:stick":7,"minecraft:raw_iron":18,"minecraft:oak_door":5,"minecraft:oak_fence":7,"minecraft:torch":54,"minecraft:acacia_log":44,"minecraft:gravel":13,"minecraft:sand":10,"minecraft:ink_sac":2,"minecraft:diorite":8,"minecraft:white_bed":1,"minecraft:acacia_stairs":5,"minecraft:stone_sword":1,"minecraft:rotten_flesh":5,"minecraft:stone_axe":1,"minecraft:granite":11,"minecraft:bread":24,"minecraft:oak_sapling":9,"minecraft:coal":25,"minecraft:cobblestone":275}},"DataVersion":3465}