{"stats":{"minecraft:custom":{"minecraft:interact_with_anvil":2,"minecraft:mob_kills":35,"minecraft:animals_bred":1,"minecraft:interact_with_crafting_table":150,"minecraft:leave_game":11,"minecraft:time_since_death":475,"minecraft:climb_one_cm":11595,"minecraft:sprint_one_cm":3306610,"minecraft:walk_one_cm":3343968,"minecraft:drop":56,"minecraft:play_time":1133352,"minecraft:sneak_time":14985,"minecraft:deaths":24,"minecraft:walk_under_water_one_cm":61699,"minecraft:jump":10328,"minecraft:interact_with_blast_furnace":1,"minecraft:walk_on_water_one_cm":164491,"minecraft:enchant_item":1,"minecraft:total_world_time":1133352,"minecraft:interact_with_furnace":100,"minecraft:interact_with_stonecutter":2,"minecraft:sleep_in_bed":35,"minecraft:time_since_rest":508,"minecraft:damage_taken":9531,"minecraft:damage_dealt":7410,"minecraft:swim_one_cm":83706,"minecraft:fly_one_cm":1695141,"minecraft:open_chest":213,"minecraft:crouch_one_cm":31618,"minecraft:fall_one_cm":194137},"minecraft:crafted":{"minecraft:oak_door":12,"minecraft:oak_planks":512,"minecraft:iron_nugget":63,"minecraft:furnace":2,"minecraft:cobblestone_stairs":96,"minecraft:bone_meal":39,"minecraft:bookshelf":1,"minecraft:flint_and_steel":1,"minecraft:oak_trapdoor":22,"minecraft:glass_pane":32,"minecraft:glass":90,"minecraft:lantern":7,"minecraft:spruce_stairs":16,"minecraft:iron_axe":2,"minecraft:iron_hoe":2,"minecraft:stone_pickaxe":1,"minecraft:chest":7,"minecraft:oak_fence":72,"minecraft:oak_slab":96,"minecraft:diamond_sword":1,"minecraft:crafting_table":4,"minecraft:spruce_planks":32,"minecraft:enchanting_table":1,"minecraft:bucket":1,"minecraft:acacia_stairs":48,"minecraft:birch_planks":40,"minecraft:stone_axe":3,"minecraft:bread":145,"minecraft:oak_fence_gate":2,"minecraft:book":65,"minecraft:paper":231,"minecraft:gold_nugget":27,"minecraft:stick":92,"minecraft:iron_ingot":43,"minecraft:iron_pickaxe":5,"minecraft:oak_stairs":52,"minecraft:iron_shovel":6,"minecraft:gold_ingot":25,"minecraft:acacia_planks":344,"minecraft:torch":96,"minecraft:shears":3},"minecraft:mined":{"minecraft:tuff":1,"minecraft:white_bed":2,"minecraft:farmland":3,"minecraft:deepslate_diamond_ore":4,"minecraft:oak_door":12,"minecraft:cobblestone_stairs":19,"minecraft:dark_oak_log":6,"minecraft:obsidian":1,"minecraft:glow_lichen":1,"minecraft:cave_vines_plant":11,"minecraft:granite":37,"minecraft:acacia_log":86,"minecraft:grass_block":973,"minecraft:spruce_leaves":13,"minecraft:moss_block":3,"minecraft:spore_blossom":3,"minecraft:oak_trapdoor":26,"minecraft:spruce_sapling":1,"minecraft:furnace":1,"minecraft:iron_ore":47,"minecraft:fire":4,"minecraft:cobbled_deepslate":68,"minecraft:acacia_stairs":30,"minecraft:andesite":14,"minecraft:stripped_spruce_log":2,"minecraft:deepslate_lapis_ore":21,"minecraft:dirt_path":16,"minecraft:cave_vines":13,"minecraft:deepslate_iron_ore":35,"minecraft:vine":3,"minecraft:oak_stairs":5,"minecraft:lantern":2,"minecraft:stone":389,"minecraft:deepslate_redstone_ore":8,"minecraft:oak_slab":8,"minecraft:acacia_leaves":22,"minecraft:glass_pane":2,"minecraft:dandelion":6,"minecraft:oak_fence":20,"minecraft:crafting_table":3,"minecraft:torch":21,"minecraft:spruce_button":1,"minecraft:poppy":9,"minecraft:melon":10,"minecraft:chest":2,"minecraft:copper_ore":15,"minecraft:tall_grass":38,"minecraft:glass":2,"minecraft:cobblestone":43,"minecraft:deepslate_gold_ore":18,"minecraft:lapis_ore":20,"minecraft:oak_planks":42,"minecraft:sugar_cane":129,"minecraft:diorite":38,"minecraft:wall_torch":21,"minecraft:deepslate_copper_ore":8,"minecraft:spruce_stairs":2,"minecraft:birch_log":14,"minecraft:wheat":455,"minecraft:lilac":40,"minecraft:spruce_log":53,"minecraft:birch_leaves":42,"minecraft:grass":1631,"minecraft:oak_log":117,"minecraft:coal_ore":252,"minecraft:cocoa":4,"minecraft:gravel":17,"minecraft:sand":77,"minecraft:acacia_door":3,"minecraft:dirt":321,"minecraft:acacia_planks":163,"minecraft:gold_ore":3,"minecraft:oak_leaves":589,"minecraft:deepslate":520,"minecraft:emerald_block":1,"minecraft:fern":1},"minecraft:broken":{"minecraft:iron_shovel":5,"minecraft:stone_sword":1,"minecraft:shears":2,"minecraft:iron_boots":1,"minecraft:iron_leggings":1,"minecraft:stone_pickaxe":1,"minecraft:iron_axe":1,"minecraft:stone_axe":2,"minecraft:iron_pickaxe":4,"minecraft:iron_helmet":1,"minecraft:iron_hoe":1},"minecraft:dropped":{"minecraft:water_bucket":1,"minecraft:wheat_seeds":29,"minecraft:lapis_lazuli":3,"minecraft:oak_log":6,"minecraft:cobblestone":14,"minecraft:glow_berries":1,"minecraft:book":60,"minecraft:granite":6,"minecraft:emerald":1,"minecraft:coal":30,"minecraft:stick":2,"minecraft:dirt":3,"minecraft:grass":1,"minecraft:dark_oak_log":6,"minecraft:diorite":1,"minecraft:iron_pickaxe":1,"minecraft:string":2,"minecraft:bucket":2,"minecraft:acacia_planks":3,"minecraft:spruce_sapling":1,"minecraft:stone_axe":1,"minecraft:stone_sword":1,"minecraft:raw_iron":10,"minecraft:rotten_flesh":9,"minecraft:oak_planks":2,"minecraft:iron_boots":1,"minecraft:andesite":6,"minecraft:oak_sapling":7,"minecraft:acacia_sapling":8,"minecraft:arrow":8,"minecraft:egg":40},"minecraft:picked_up":{"minecraft:wooden_axe":1,"minecraft:cocoa_beans":12,"minecraft:crafting_table":3,"minecraft:iron_chestplate":1,"minecraft:wheat":437,"minecraft:chest_minecart":1,"minecraft:wooden_pickaxe":2,"minecraft:oak_stairs":5,"minecraft:string":3,"minecraft:oak_trapdoor":26,"minecraft:raw_copper":74,"minecraft:acacia_door":3,"minecraft:iron_leggings":1,"minecraft:cobbled_deepslate":568,"minecraft:bucket":3,"minecraft:poppy":8,"minecraft:iron_pickaxe":2,"minecraft:light_gray_wool":6,"minecraft:melon_slice":48,"minecraft:sugar_cane":263,"minecraft:chest":2,"minecraft:birch_sapling":3,"minecraft:furnace":3,"minecraft:iron_boots":2,"minecraft:egg":138,"minecraft:stick":22,"minecraft:raw_iron":95,"minecraft:stone":1,"minecraft:oak_door":12,"minecraft:oak_fence":24,"minecraft:torch":95,"minecraft:acacia_log":86,"minecraft:spruce_stairs":2,"minecraft:diorite":34,"minecraft:redstone":22,"minecraft:stone_sword":1,"minecraft:arrow":6,"minecraft:rotten_flesh":30,"minecraft:glow_berries":42,"minecraft:obsidian":5,"minecraft:cobblestone":355,"minecraft:birch_log":12,"minecraft:birch_leaves":14,"minecraft:lilac":44,"minecraft:glow_ink_sac":5,"minecraft:andesite":20,"minecraft:salmon":3,"minecraft:leather":61,"minecraft:flint":1,"minecraft:tuff":1,"minecraft:oak_log":118,"minecraft:gunpowder":2,"minecraft:cobblestone_stairs":17,"minecraft:lapis_lazuli":124,"minecraft:dirt":1412,"minecraft:paper":21,"minecraft:lantern":2,"minecraft:glass":17,"minecraft:bone":7,"minecraft:acacia_planks":166,"minecraft:apple":3,"minecraft:bow":1,"minecraft:wheat_seeds":1408,"minecraft:raw_gold":21,"minecraft:spore_blossom":3,"minecraft:iron_ingot":6,"minecraft:powered_rail":4,"minecraft:oak_planks":106,"minecraft:acacia_sapling":15,"minecraft:oak_slab":8,"minecraft:emerald_block":513,"minecraft:dandelion":6,"minecraft:gravel":16,"minecraft:sand":76,"minecraft:stripped_spruce_log":1,"minecraft:spruce_sapling":6,"minecraft:ink_sac":10,"minecraft:white_bed":2,"minecraft:spruce_log":51,"minecraft:acacia_stairs":30,"minecraft:dark_oak_log":6,"minecraft:diamond":7,"minecraft:stone_axe":2,"minecraft:iron_helmet":1,"minecraft:granite":15,"minecraft:bone_meal":64,"minecraft:grass":1,"minecraft:spruce_button":2,"minecraft:bread":29,"minecraft:baked_potato":16,"minecraft:oak_sapling":25,"minecraft:coal":336,"minecraft:oak_leaves":475,"minecraft:diamond_pickaxe":1},"minecraft:killed_by":{"minecraft:player":4,"minecraft:creeper":3,"minecraft:spider":2,"minecraft:skeleton":4,"minecraft:zombie":7},"minecraft:killed":{"minecraft:spider":3,"minecraft:skeleton":4,"minecraft:zombie":25},"minecraft:used":{"minecraft:oak_fence":85,"minecraft:oak_trapdoor":48,"minecraft:stone_sword":204,"minecraft:enchanting_table":1,"minecraft:iron_shovel":1459,"minecraft:flint_and_steel":34,"minecraft:poppy":7,"minecraft:chest":9,"minecraft:spruce_planks":8,"minecraft:oak_door":23,"minecraft:torch":185,"minecraft:dirt":1285,"minecraft:spruce_stairs":18,"minecraft:oak_fence_gate":2,"minecraft:stripped_spruce_log":1,"minecraft:granite":5,"minecraft:acacia_sapling":1,"minecraft:lava_bucket":2,"minecraft:glass":58,"minecraft:iron_hoe":415,"minecraft:bookshelf":1,"minecraft:lantern":9,"minecraft:iron_axe":417,"minecraft:oak_stairs":57,"minecraft:spruce_button":2,"minecraft:emerald_block":1,"minecraft:furnace":5,"minecraft:egg":84,"minecraft:potato":3,"minecraft:cobbled_deepslate":537,"minecraft:acacia_planks":473,"minecraft:wheat_seeds":557,"minecraft:water_bucket":175,"minecraft:cobblestone_stairs":101,"minecraft:birch_planks":16,"minecraft:birch_leaves":1,"minecraft:stone_pickaxe":131,"minecraft:baked_potato":16,"minecraft:oak_planks":172,"minecraft:wooden_pickaxe":38,"minecraft:sugar_cane":32,"minecraft:oak_leaves":411,"minecraft:salmon":3,"minecraft:glow_berries":40,"minecraft:sand":1,"minecraft:oak_slab":101,"minecraft:crafting_table":7,"minecraft:white_bed":2,"minecraft:shears":507,"minecraft:diamond_pickaxe":631,"minecraft:acacia_stairs":76,"minecraft:apple":1,"minecraft:acacia_door":3,"minecraft:bread":140,"minecraft:iron_pickaxe":1039,"minecraft:spore_blossom":3,"minecraft:spruce_sapling":5,"minecraft:lilac":32,"minecraft:stone_axe":285,"minecraft:diamond_sword":118,"minecraft:cobblestone":267,"minecraft:bucket":178,"minecraft:birch_log":1,"minecraft:glass_pane":38,"minecraft:dandelion":6,"minecraft:bone_meal":77}},"DataVersion":3465}