{"stats":{"minecraft:used":{"minecraft:cooked_mutton":13,"minecraft:water_bucket":181,"minecraft:iron_shovel":200,"minecraft:stone_pickaxe":483,"minecraft:oak_planks":166,"minecraft:chest":2,"minecraft:wooden_pickaxe":20,"minecraft:torch":135,"minecraft:dirt":417,"minecraft:mutton":7,"minecraft:crafting_table":1,"minecraft:white_bed":1,"minecraft:wooden_axe":44,"minecraft:apple":2,"minecraft:acacia_door":2,"minecraft:bread":1,"minecraft:iron_pickaxe":146,"minecraft:stone_axe":217,"minecraft:furnace":1,"minecraft:bucket":181,"minecraft:cooked_beef":10,"minecraft:cobbled_deepslate":80,"minecraft:acacia_planks":4},"minecraft:broken":{"minecraft:stone_axe":1,"minecraft:stone_pickaxe":3},"minecraft:killed":{"minecraft:spider":5,"minecraft:skeleton":1,"minecraft:horse":1,"minecraft:sheep":16,"minecraft:zombie":9,"minecraft:cow":14},"minecraft:crafted":{"minecraft:cooked_beef":25,"minecraft:oak_planks":252,"minecraft:crafting_table":1,"minecraft:wooden_pickaxe":1,"minecraft:furnace":1,"minecraft:bucket":1,"minecraft:stone_axe":2,"minecraft:cooked_mutton":13,"minecraft:air":0,"minecraft:diamond_pickaxe":1,"minecraft:charcoal":18,"minecraft:stick":44,"minecraft:iron_ingot":8,"minecraft:iron_pickaxe":1,"minecraft:stone_pickaxe":3,"minecraft:wooden_axe":1,"minecraft:iron_shovel":3,"minecraft:chest":2,"minecraft:acacia_door":3,"minecraft:white_bed":1,"minecraft:torch":64},"minecraft:mined":{"minecraft:deepslate_redstone_ore":16,"minecraft:diamond_ore":1,"minecraft:tuff":51,"minecraft:acacia_leaves":1,"minecraft:deepslate_diamond_ore":14,"minecraft:dandelion":2,"minecraft:crafting_table":1,"minecraft:torch":18,"minecraft:acacia_log":16,"minecraft:grass_block":424,"minecraft:poppy":1,"minecraft:tall_grass":10,"minecraft:deepslate_gold_ore":8,"minecraft:sugar_cane":12,"minecraft:oak_planks":15,"minecraft:diorite":4,"minecraft:wall_torch":21,"minecraft:iron_ore":1,"minecraft:cobbled_deepslate":17,"minecraft:andesite":9,"minecraft:deepslate_lapis_ore":3,"minecraft:grass":32,"minecraft:deepslate_iron_ore":11,"minecraft:coal_ore":22,"minecraft:oak_log":84,"minecraft:gravel":30,"minecraft:acacia_door":1,"minecraft:dirt":21,"minecraft:stone":117,"minecraft:deepslate":346,"minecraft:oak_leaves":29},"minecraft:custom":{"minecraft:interact_with_furnace":21,"minecraft:mob_kills":47,"minecraft:interact_with_crafting_table":18,"minecraft:leave_game":1,"minecraft:time_since_death":57947,"minecraft:sleep_in_bed":5,"minecraft:time_since_rest":0,"minecraft:sprint_one_cm":383433,"minecraft:damage_taken":2691,"minecraft:walk_one_cm":422257,"minecraft:drop":16,"minecraft:damage_dealt":5942,"minecraft:swim_one_cm":30044,"minecraft:fly_one_cm":291529,"minecraft:open_chest":9,"minecraft:crouch_one_cm":2409,"minecraft:play_time":148189,"minecraft:deaths":4,"minecraft:sneak_time":1562,"minecraft:walk_under_water_one_cm":30256,"minecraft:jump":1717,"minecraft:walk_on_water_one_cm":24154,"minecraft:total_world_time":148189,"minecraft:fall_one_cm":32296},"minecraft:killed_by":{"minecraft:player":1,"minecraft:skeleton":2,"minecraft:zombie":1},"minecraft:dropped":{"minecraft:gravel":65,"minecraft:stone_axe":2,"minecraft:wheat_seeds":6,"minecraft:tuff":51,"minecraft:dirt":21,"minecraft:diorite":4,"minecraft:wooden_axe":1,"minecraft:andesite":9,"minecraft:oak_sapling":2,"minecraft:spider_eye":2,"minecraft:white_wool":1,"minecraft:dandelion":1},"minecraft:picked_up":{"minecraft:wooden_axe":2,"minecraft:birch_log":1,"minecraft:crafting_table":1,"minecraft:leather_chestplate":1,"minecraft:andesite":9,"minecraft:chest_minecart":2,"minecraft:leather":15,"minecraft:wooden_pickaxe":4,"minecraft:potato":2,"minecraft:tuff":51,"minecraft:oak_log":119,"minecraft:gunpowder":2,"minecraft:cornflower":1,"minecraft:string":5,"minecraft:dirt":449,"minecraft:cooked_salmon":2,"minecraft:acacia_door":1,"minecraft:acacia_planks":38,"minecraft:apple":2,"minecraft:wheat_seeds":35,"minecraft:cobbled_deepslate":351,"minecraft:raw_gold":8,"minecraft:beef":39,"minecraft:iron_ingot":3,"minecraft:stone_pickaxe":1,"minecraft:poppy":1,"minecraft:light_gray_wool":12,"minecraft:powered_rail":8,"minecraft:sugar_cane":28,"minecraft:oak_planks":71,"minecraft:acacia_sapling":12,"minecraft:egg":6,"minecraft:stick":5,"minecraft:raw_iron":12,"minecraft:dandelion":5,"minecraft:torch":119,"minecraft:acacia_log":16,"minecraft:gravel":67,"minecraft:ink_sac":4,"minecraft:diorite":4,"minecraft:redstone":70,"minecraft:spider_eye":4,"minecraft:stone_sword":1,"minecraft:arrow":2,"minecraft:rotten_flesh":3,"minecraft:diamond":14,"minecraft:stone_axe":4,"minecraft:bread":1,"minecraft:oak_sapling":5,"minecraft:mutton":23,"minecraft:coal":22,"minecraft:white_wool":16,"minecraft:cobblestone":153}},"DataVersion":3465}