{"stats":{"minecraft:used":{"minecraft:oak_trapdoor":16,"minecraft:oak_fence":47,"minecraft:iron_shovel":1426,"minecraft:chest":2,"minecraft:torch":187,"minecraft:dirt":1769,"minecraft:mutton":7,"minecraft:oak_fence_gate":21,"minecraft:wooden_axe":44,"minecraft:iron_axe":249,"minecraft:oak_stairs":19,"minecraft:stone_bricks":418,"minecraft:furnace":3,"minecraft:cooked_beef":28,"minecraft:acacia_planks":4,"minecraft:cobbled_deepslate":80,"minecraft:deepslate_brick_wall":13,"minecraft:cooked_mutton":13,"minecraft:water_bucket":257,"minecraft:stone_pickaxe":511,"minecraft:oak_planks":189,"minecraft:wooden_pickaxe":20,"minecraft:stonecutter":1,"minecraft:deepslate_bricks":17,"minecraft:oak_slab":6,"minecraft:crafting_table":1,"minecraft:white_bed":2,"minecraft:deepslate_brick_stairs":40,"minecraft:deepslate_tile_wall":6,"minecraft:deepslate_tiles":148,"minecraft:oak_log":187,"minecraft:diamond_pickaxe":103,"minecraft:apple":5,"minecraft:acacia_door":2,"minecraft:bread":1,"minecraft:iron_pickaxe":146,"minecraft:chiseled_stone_bricks":27,"minecraft:stone_axe":251,"minecraft:cooked_porkchop":1,"minecraft:bucket":258},"minecraft:broken":{"minecraft:iron_shovel":5,"minecraft:stone_pickaxe":3,"minecraft:iron_axe":1,"minecraft:stone_axe":2},"minecraft:killed":{"minecraft:witch":1,"minecraft:spider":6,"minecraft:skeleton":1,"minecraft:horse":1,"minecraft:pig":1,"minecraft:sheep":16,"minecraft:zombie":9,"minecraft:cow":15},"minecraft:crafted":{"minecraft:oak_planks":382,"minecraft:furnace":3,"minecraft:stone":492,"minecraft:cooked_mutton":13,"minecraft:oak_trapdoor":16,"minecraft:deepslate_brick_wall":12,"minecraft:iron_axe":1,"minecraft:stone_pickaxe":3,"minecraft:chest":2,"minecraft:deepslate_tile_wall":7,"minecraft:oak_fence":57,"minecraft:cooked_beef":30,"minecraft:oak_slab":6,"minecraft:deepslate":1,"minecraft:cooked_porkchop":2,"minecraft:crafting_table":1,"minecraft:wooden_pickaxe":1,"minecraft:bucket":1,"minecraft:stone_axe":2,"minecraft:air":0,"minecraft:oak_fence_gate":28,"minecraft:charcoal":18,"minecraft:diamond_pickaxe":1,"minecraft:stick":188,"minecraft:iron_ingot":13,"minecraft:iron_pickaxe":1,"minecraft:oak_stairs":24,"minecraft:wooden_axe":1,"minecraft:acacia_door":3,"minecraft:iron_shovel":6,"minecraft:gold_ingot":8,"minecraft:stonecutter":1,"minecraft:white_bed":1,"minecraft:torch":64},"minecraft:mined":{"minecraft:deepslate_tiles":3,"minecraft:diamond_ore":1,"minecraft:tuff":51,"minecraft:white_bed":1,"minecraft:deepslate_diamond_ore":14,"minecraft:acacia_log":16,"minecraft:grass_block":1511,"minecraft:deepslate_bricks":12,"minecraft:chiseled_stone_bricks":3,"minecraft:iron_ore":2,"minecraft:cobbled_deepslate":17,"minecraft:andesite":9,"minecraft:deepslate_lapis_ore":3,"minecraft:azure_bluet":1,"minecraft:dirt_path":2,"minecraft:deepslate_iron_ore":11,"minecraft:oak_stairs":7,"minecraft:deepslate_brick_stairs":20,"minecraft:stone":117,"minecraft:deepslate_redstone_ore":16,"minecraft:acacia_leaves":1,"minecraft:deepslate_brick_wall":1,"minecraft:dandelion":8,"minecraft:oak_fence":1,"minecraft:crafting_table":1,"minecraft:cornflower":1,"minecraft:torch":44,"minecraft:poppy":1,"minecraft:tall_grass":20,"minecraft:deepslate_gold_ore":8,"minecraft:sugar_cane":12,"minecraft:oak_planks":19,"minecraft:diorite":4,"minecraft:wall_torch":36,"minecraft:grass":103,"minecraft:oak_log":309,"minecraft:coal_ore":29,"minecraft:oak_fence_gate":1,"minecraft:dirt":204,"minecraft:acacia_door":1,"minecraft:gravel":30,"minecraft:sand":6,"minecraft:stone_bricks":27,"minecraft:oak_leaves":63,"minecraft:deepslate":402},"minecraft:custom":{"minecraft:mob_kills":52,"minecraft:interact_with_crafting_table":43,"minecraft:leave_game":2,"minecraft:time_since_death":255693,"minecraft:sprint_one_cm":806562,"minecraft:walk_one_cm":1112956,"minecraft:drop":40,"minecraft:play_time":345935,"minecraft:deaths":4,"minecraft:sneak_time":2826,"minecraft:walk_under_water_one_cm":50549,"minecraft:jump":3938,"minecraft:walk_on_water_one_cm":64953,"minecraft:total_world_time":345935,"minecraft:interact_with_furnace":88,"minecraft:interact_with_stonecutter":14,"minecraft:sleep_in_bed":17,"minecraft:time_since_rest":7621,"minecraft:damage_taken":3701,"minecraft:damage_dealt":6937,"minecraft:swim_one_cm":54748,"minecraft:fly_one_cm":825425,"minecraft:open_chest":31,"minecraft:crouch_one_cm":4646,"minecraft:fall_one_cm":59571},"minecraft:killed_by":{"minecraft:player":1,"minecraft:skeleton":2,"minecraft:zombie":1},"minecraft:dropped":{"minecraft:wheat_seeds":6,"minecraft:cooked_porkchop":1,"minecraft:oxeye_daisy":8,"minecraft:dirt":556,"minecraft:diorite":4,"minecraft:cornflower":3,"minecraft:wooden_axe":1,"minecraft:white_wool":1,"minecraft:bucket":1,"minecraft:dandelion":1,"minecraft:gravel":65,"minecraft:stone_axe":2,"minecraft:tuff":51,"minecraft:rotten_flesh":2,"minecraft:andesite":9,"minecraft:oak_sapling":4,"minecraft:spider_eye":3,"minecraft:arrow":4,"minecraft:wooden_pickaxe":1,"minecraft:egg":1},"minecraft:picked_up":{"minecraft:wooden_axe":2,"minecraft:crafting_table":1,"minecraft:azure_bluet":2,"minecraft:chest_minecart":2,"minecraft:wooden_pickaxe":5,"minecraft:oak_stairs":6,"minecraft:cornflower":3,"minecraft:string":5,"minecraft:cooked_salmon":2,"minecraft:acacia_door":1,"minecraft:deepslate_tiles":1,"minecraft:cobbled_deepslate":407,"minecraft:bucket":1,"minecraft:beef":41,"minecraft:poppy":2,"minecraft:light_gray_wool":12,"minecraft:sugar_cane":28,"minecraft:egg":7,"minecraft:stick":19,"minecraft:raw_iron":13,"minecraft:deepslate_brick_wall":1,"minecraft:oak_fence":1,"minecraft:torch":169,"minecraft:acacia_log":16,"minecraft:porkchop":2,"minecraft:diorite":4,"minecraft:redstone":70,"minecraft:stone_sword":1,"minecraft:arrow":6,"minecraft:rotten_flesh":7,"minecraft:deepslate_bricks":12,"minecraft:deepslate_brick_stairs":20,"minecraft:mutton":23,"minecraft:white_wool":16,"minecraft:cobblestone":153,"minecraft:oxeye_daisy":8,"minecraft:birch_log":1,"minecraft:leather_chestplate":1,"minecraft:andesite":9,"minecraft:leather":16,"minecraft:potato":2,"minecraft:tuff":51,"minecraft:oak_log":344,"minecraft:gunpowder":2,"minecraft:dirt":2025,"minecraft:bone":4,"minecraft:acacia_planks":38,"minecraft:apple":5,"minecraft:stone_bricks":27,"minecraft:wheat_seeds":78,"minecraft:raw_gold":8,"minecraft:oak_fence_gate":1,"minecraft:iron_ingot":3,"minecraft:stone_pickaxe":1,"minecraft:powered_rail":8,"minecraft:acacia_sapling":12,"minecraft:oak_planks":391,"minecraft:chiseled_stone_bricks":3,"minecraft:dandelion":28,"minecraft:gravel":67,"minecraft:sand":6,"minecraft:ink_sac":4,"minecraft:white_bed":1,"minecraft:spider_eye":5,"minecraft:sugar":2,"minecraft:diamond":14,"minecraft:stone_axe":4,"minecraft:bread":1,"minecraft:oak_sapling":21,"minecraft:coal":29}},"DataVersion":3465}