{"stats":{"minecraft:used":{"minecraft:oak_fence":131,"minecraft:oak_trapdoor":32,"minecraft:jungle_leaves":29,"minecraft:iron_shovel":1547,"minecraft:chest":20,"minecraft:oak_door":2,"minecraft:torch":394,"minecraft:dirt":1773,"minecraft:mutton":7,"minecraft:oak_fence_gate":46,"minecraft:glass":13,"minecraft:wooden_axe":44,"minecraft:stone_brick_slab":48,"minecraft:lava_bucket":1,"minecraft:lantern":4,"minecraft:iron_axe":1224,"minecraft:oak_stairs":226,"minecraft:stone_brick_stairs":102,"minecraft:stone_bricks":525,"minecraft:furnace":9,"minecraft:potato":50,"minecraft:cooked_beef":30,"minecraft:cobbled_deepslate":140,"minecraft:acacia_planks":4,"minecraft:cooked_mutton":13,"minecraft:golden_axe":60,"minecraft:deepslate_brick_wall":22,"minecraft:wheat_seeds":86,"minecraft:water_bucket":261,"minecraft:baked_potato":42,"minecraft:stone_pickaxe":513,"minecraft:oak_planks":541,"minecraft:wooden_pickaxe":27,"minecraft:diamond_axe":75,"minecraft:stonecutter":3,"minecraft:deepslate_bricks":17,"minecraft:oak_leaves":75,"minecraft:sand":113,"minecraft:oak_slab":67,"minecraft:crafting_table":3,"minecraft:white_bed":3,"minecraft:deepslate_brick_stairs":42,"minecraft:shears":238,"minecraft:deepslate_tile_wall":6,"minecraft:deepslate_tiles":148,"minecraft:oak_log":466,"minecraft:diamond_pickaxe":379,"minecraft:apple":9,"minecraft:acacia_door":2,"minecraft:iron_pickaxe":230,"minecraft:bread":33,"minecraft:chiseled_stone_bricks":75,"minecraft:stone_axe":251,"minecraft:cooked_porkchop":1,"minecraft:bucket":263,"minecraft:glass_pane":106,"minecraft:stripped_oak_log":10},"minecraft:broken":{"minecraft:leather_helmet":1,"minecraft:iron_shovel":6,"minecraft:shears":1,"minecraft:stone_pickaxe":3,"minecraft:golden_axe":2,"minecraft:iron_axe":5,"minecraft:stone_axe":2,"minecraft:iron_pickaxe":1},"minecraft:killed":{"minecraft:witch":1,"minecraft:spider":9,"minecraft:skeleton":5,"minecraft:horse":1,"minecraft:pig":1,"minecraft:sheep":16,"minecraft:zombie":17,"minecraft:enderman":2,"minecraft:cow":15},"minecraft:crafted":{"minecraft:oak_door":3,"minecraft:oak_planks":1600,"minecraft:leather_leggings":1,"minecraft:iron_nugget":36,"minecraft:furnace":6,"minecraft:stone":697,"minecraft:cooked_mutton":13,"minecraft:glass_pane":112,"minecraft:oak_trapdoor":32,"minecraft:glass":116,"minecraft:lantern":4,"minecraft:stone_brick_slab":42,"minecraft:deepslate_brick_wall":21,"minecraft:iron_axe":5,"minecraft:stone_pickaxe":3,"minecraft:chest":18,"minecraft:deepslate_tile_wall":7,"minecraft:chiseled_stone_bricks":29,"minecraft:oak_fence":153,"minecraft:cooked_beef":30,"minecraft:golden_axe":2,"minecraft:oak_slab":69,"minecraft:deepslate":1,"minecraft:cooked_porkchop":2,"minecraft:diamond_axe":1,"minecraft:crafting_table":2,"minecraft:wooden_pickaxe":1,"minecraft:baked_potato":79,"minecraft:leather_helmet":1,"minecraft:bucket":1,"minecraft:stone_axe":2,"minecraft:bread":32,"minecraft:air":0,"minecraft:oak_fence_gate":44,"minecraft:stone_brick_stairs":2,"minecraft:charcoal":74,"minecraft:diamond_pickaxe":1,"minecraft:stick":388,"minecraft:iron_ingot":31,"minecraft:iron_pickaxe":1,"minecraft:oak_stairs":240,"minecraft:wooden_axe":1,"minecraft:iron_shovel":6,"minecraft:acacia_door":3,"minecraft:gold_ingot":8,"minecraft:stonecutter":1,"minecraft:white_bed":1,"minecraft:torch":288,"minecraft:shears":1,"minecraft:diamond_chestplate":1},"minecraft:mined":{"minecraft:deepslate_tiles":3,"minecraft:diamond_ore":1,"minecraft:tuff":62,"minecraft:white_bed":2,"minecraft:deepslate_diamond_ore":15,"minecraft:oak_door":1,"minecraft:jungle_leaves":97,"minecraft:granite":11,"minecraft:acacia_log":16,"minecraft:grass_block":1534,"minecraft:deepslate_bricks":12,"minecraft:chiseled_stone_bricks":3,"minecraft:furnace":3,"minecraft:iron_ore":2,"minecraft:fire":10,"minecraft:cobbled_deepslate":36,"minecraft:andesite":20,"minecraft:deepslate_lapis_ore":3,"minecraft:azure_bluet":1,"minecraft:potatoes":34,"minecraft:dirt_path":2,"minecraft:deepslate_iron_ore":36,"minecraft:vine":4,"minecraft:oak_stairs":23,"minecraft:deepslate_brick_stairs":22,"minecraft:stripped_oak_log":10,"minecraft:stone":210,"minecraft:deepslate_redstone_ore":16,"minecraft:oak_slab":2,"minecraft:acacia_leaves":1,"minecraft:glass_pane":19,"minecraft:deepslate_brick_wall":2,"minecraft:stone_brick_slab":1,"minecraft:dandelion":8,"minecraft:oak_fence":9,"minecraft:cornflower":1,"minecraft:crafting_table":3,"minecraft:torch":64,"minecraft:poppy":1,"minecraft:chest":2,"minecraft:copper_ore":2,"minecraft:tall_grass":21,"minecraft:deepslate_gold_ore":8,"minecraft:oak_planks":188,"minecraft:sugar_cane":14,"minecraft:diorite":4,"minecraft:wall_torch":40,"minecraft:wheat":103,"minecraft:birch_leaves":6,"minecraft:stone_brick_stairs":28,"minecraft:grass":118,"minecraft:oak_log":950,"minecraft:coal_ore":29,"minecraft:oak_fence_gate":2,"minecraft:gravel":31,"minecraft:dirt":230,"minecraft:sand":255,"minecraft:acacia_door":2,"minecraft:stone_bricks":27,"minecraft:stonecutter":2,"minecraft:deepslate":552,"minecraft:oak_leaves":359,"minecraft:fern":5},"minecraft:custom":{"minecraft:mob_kills":71,"minecraft:interact_with_crafting_table":96,"minecraft:leave_game":5,"minecraft:time_since_death":2143,"minecraft:climb_one_cm":857,"minecraft:sprint_one_cm":1894620,"minecraft:walk_one_cm":2064672,"minecraft:drop":56,"minecraft:play_time":725899,"minecraft:sneak_time":23578,"minecraft:deaths":8,"minecraft:walk_under_water_one_cm":79274,"minecraft:jump":7794,"minecraft:walk_on_water_one_cm":111756,"minecraft:total_world_time":725899,"minecraft:interact_with_furnace":168,"minecraft:interact_with_stonecutter":30,"minecraft:sleep_in_bed":30,"minecraft:time_since_rest":2180,"minecraft:damage_taken":7621,"minecraft:damage_dealt":10801,"minecraft:swim_one_cm":94746,"minecraft:fly_one_cm":1522828,"minecraft:crouch_one_cm":52521,"minecraft:open_chest":97,"minecraft:fall_one_cm":146352},"minecraft:killed_by":{"minecraft:player":1,"minecraft:creeper":1,"minecraft:enderman":1,"minecraft:skeleton":2,"minecraft:zombie":1},"minecraft:dropped":{"minecraft:wheat_seeds":27,"minecraft:baked_potato":7,"minecraft:cooked_porkchop":1,"minecraft:deepslate_tile_wall":1,"minecraft:stick":2,"minecraft:oxeye_daisy":8,"minecraft:dirt":556,"minecraft:diorite":4,"minecraft:torch":27,"minecraft:cornflower":3,"minecraft:wooden_axe":1,"minecraft:white_wool":1,"minecraft:bucket":1,"minecraft:dandelion":1,"minecraft:gravel":65,"minecraft:stone_axe":2,"minecraft:tuff":51,"minecraft:raw_iron":25,"minecraft:rotten_flesh":2,"minecraft:oak_planks":2,"minecraft:andesite":9,"minecraft:oak_sapling":4,"minecraft:spider_eye":3,"minecraft:stone_bricks":1,"minecraft:arrow":4,"minecraft:wooden_pickaxe":1,"minecraft:egg":1},"minecraft:picked_up":{"minecraft:wooden_axe":2,"minecraft:crafting_table":2,"minecraft:wheat":99,"minecraft:azure_bluet":2,"minecraft:chest_minecart":2,"minecraft:wooden_pickaxe":5,"minecraft:oak_stairs":22,"minecraft:stone_brick_stairs":24,"minecraft:cornflower":3,"minecraft:string":7,"minecraft:raw_copper":8,"minecraft:acacia_door":1,"minecraft:cooked_salmon":2,"minecraft:deepslate_tiles":1,"minecraft:cobbled_deepslate":563,"minecraft:bucket":1,"minecraft:beef":41,"minecraft:poppy":2,"minecraft:light_gray_wool":12,"minecraft:sugar_cane":31,"minecraft:chest":2,"minecraft:furnace":3,"minecraft:egg":8,"minecraft:stick":37,"minecraft:raw_iron":56,"minecraft:oak_door":1,"minecraft:deepslate_brick_wall":2,"minecraft:oak_fence":9,"minecraft:torch":199,"minecraft:acacia_log":16,"minecraft:porkchop":2,"minecraft:diorite":4,"minecraft:vine":3,"minecraft:redstone":70,"minecraft:stone_sword":1,"minecraft:arrow":9,"minecraft:rotten_flesh":15,"minecraft:deepslate_bricks":12,"minecraft:deepslate_brick_stairs":22,"minecraft:mutton":23,"minecraft:cobblestone":246,"minecraft:white_wool":16,"minecraft:stripped_oak_log":10,"minecraft:oxeye_daisy":8,"minecraft:birch_log":1,"minecraft:leather_chestplate":1,"minecraft:andesite":20,"minecraft:leather":16,"minecraft:fern":3,"minecraft:potato":131,"minecraft:tuff":62,"minecraft:oak_log":982,"minecraft:gunpowder":2,"minecraft:dirt":2063,"minecraft:bone":7,"minecraft:acacia_planks":38,"minecraft:apple":9,"minecraft:stone_bricks":28,"minecraft:stonecutter":2,"minecraft:wheat_seeds":361,"minecraft:raw_gold":8,"minecraft:iron_ingot":3,"minecraft:oak_fence_gate":2,"minecraft:stone_pickaxe":1,"minecraft:powered_rail":8,"minecraft:oak_planks":573,"minecraft:acacia_sapling":12,"minecraft:oak_slab":2,"minecraft:chiseled_stone_bricks":3,"minecraft:stone_brick_slab":1,"minecraft:dandelion":28,"minecraft:gravel":67,"minecraft:sand":244,"minecraft:ink_sac":4,"minecraft:white_bed":2,"minecraft:spider_eye":6,"minecraft:jungle_leaves":89,"minecraft:sugar":2,"minecraft:diamond":15,"minecraft:stone_axe":4,"minecraft:granite":11,"minecraft:grass":7,"minecraft:bread":1,"minecraft:oak_sapling":51,"minecraft:coal":29,"minecraft:oak_leaves":113,"minecraft:ender_pearl":2}},"DataVersion":3465}