{"stats":{"minecraft:custom":{"minecraft:mob_kills":71,"minecraft:animals_bred":19,"minecraft:interact_with_crafting_table":39,"minecraft:leave_game":9,"minecraft:time_since_death":167527,"minecraft:climb_one_cm":100286,"minecraft:sprint_one_cm":1240701,"minecraft:walk_one_cm":757562,"minecraft:drop":184,"minecraft:play_time":598951,"minecraft:sneak_time":14068,"minecraft:deaths":17,"minecraft:walk_under_water_one_cm":39954,"minecraft:jump":8779,"minecraft:interact_with_blast_furnace":1,"minecraft:walk_on_water_one_cm":101239,"minecraft:total_world_time":598951,"minecraft:interact_with_furnace":76,"minecraft:sleep_in_bed":3,"minecraft:time_since_rest":150885,"minecraft:damage_taken":9613,"minecraft:damage_dealt":10120,"minecraft:player_kills":1,"minecraft:swim_one_cm":96831,"minecraft:fly_one_cm":1890474,"minecraft:open_chest":168,"minecraft:crouch_one_cm":48826,"minecraft:fall_one_cm":283385},"minecraft:crafted":{"minecraft:oak_planks":160,"minecraft:furnace":2,"minecraft:cobblestone_stairs":8,"minecraft:jungle_trapdoor":20,"minecraft:diamond_shovel":1,"minecraft:flint_and_steel":1,"minecraft:bookshelf":26,"minecraft:cooked_mutton":5,"minecraft:diamond_block":1,"minecraft:diamond":9,"minecraft:iron_boots":1,"minecraft:iron_axe":2,"minecraft:ladder":3,"minecraft:stone_pickaxe":1,"minecraft:cobblestone_wall":6,"minecraft:chest":7,"minecraft:stone_hoe":1,"minecraft:cooked_beef":32,"minecraft:diamond_sword":1,"minecraft:cooked_porkchop":4,"minecraft:diamond_axe":1,"minecraft:crafting_table":3,"minecraft:iron_helmet":1,"minecraft:baked_potato":53,"minecraft:acacia_trapdoor":8,"minecraft:bucket":1,"minecraft:birch_planks":24,"minecraft:bread":8,"minecraft:air":0,"minecraft:jungle_planks":280,"minecraft:acacia_sign":3,"minecraft:iron_chestplate":1,"minecraft:diamond_pickaxe":1,"minecraft:stick":92,"minecraft:iron_ingot":61,"minecraft:iron_pickaxe":2,"minecraft:stone_sword":2,"minecraft:iron_leggings":1,"minecraft:gold_ingot":39,"minecraft:white_bed":1,"minecraft:acacia_planks":44,"minecraft:torch":104,"minecraft:shears":4},"minecraft:mined":{"minecraft:spruce_planks":26,"minecraft:tuff":1,"minecraft:white_bed":4,"minecraft:mossy_cobblestone":49,"minecraft:deepslate_diamond_ore":11,"minecraft:jungle_leaves":452,"minecraft:obsidian":25,"minecraft:cobbled_deepslate_slab":13,"minecraft:cave_vines_plant":3,"minecraft:ladder":1,"minecraft:acacia_log":14,"minecraft:grass_block":136,"minecraft:jungle_planks":6,"minecraft:jungle_log":145,"minecraft:kelp":42,"minecraft:moss_block":3,"minecraft:spore_blossom":1,"minecraft:furnace":3,"minecraft:iron_ore":35,"minecraft:fire":4,"minecraft:andesite":22,"minecraft:stripped_spruce_log":37,"minecraft:moss_carpet":2,"minecraft:deepslate_lapis_ore":5,"minecraft:enchanting_table":1,"minecraft:bookshelf":6,"minecraft:vine":64,"minecraft:cave_vines":5,"minecraft:deepslate_iron_ore":107,"minecraft:stripped_jungle_log":4,"minecraft:stone":444,"minecraft:jungle_trapdoor":5,"minecraft:deepslate_redstone_ore":6,"minecraft:oak_slab":1,"minecraft:kelp_plant":4,"minecraft:clay":1,"minecraft:crafting_table":5,"minecraft:torch":7,"minecraft:copper_ore":1,"minecraft:chest":6,"minecraft:tall_grass":2,"minecraft:cobblestone":278,"minecraft:deepslate_gold_ore":41,"minecraft:oak_planks":8,"minecraft:sugar_cane":49,"minecraft:wall_torch":8,"minecraft:birch_log":6,"minecraft:wheat":89,"minecraft:spruce_log":1,"minecraft:grass":50,"minecraft:coal_ore":59,"minecraft:oak_log":35,"minecraft:gravel":29,"minecraft:dirt":114,"minecraft:sand":1,"minecraft:small_dripleaf":1,"minecraft:gold_ore":1,"minecraft:oak_leaves":476,"minecraft:deepslate":77,"minecraft:fern":4},"minecraft:broken":{"minecraft:shears":3,"minecraft:iron_axe":2,"minecraft:iron_pickaxe":1},"minecraft:dropped":{"minecraft:water_bucket":1,"minecraft:stone_hoe":1,"minecraft:iron_ingot":256,"minecraft:bread":8,"minecraft:stripped_spruce_log":17,"minecraft:vine":28,"minecraft:moss_block":12,"minecraft:porkchop":2,"minecraft:wheat_seeds":130,"minecraft:lapis_lazuli":96,"minecraft:cooked_beef":195,"minecraft:baked_potato":5,"minecraft:diamond":178,"minecraft:golden_horse_armor":1,"minecraft:spore_blossom":2,"minecraft:crafting_table":1,"minecraft:iron_helmet":1,"minecraft:cobblestone":28,"minecraft:glow_berries":3,"minecraft:leather":39,"minecraft:granite":4,"minecraft:tropical_fish":8,"minecraft:acacia_log":3,"minecraft:coal":768,"minecraft:cobblestone_stairs":10,"minecraft:stick":30,"minecraft:music_disc_13":1,"minecraft:dirt":138,"minecraft:grass":7,"minecraft:diorite":33,"minecraft:ink_sac":8,"minecraft:repeater":2,"minecraft:iron_leggings":1,"minecraft:jungle_leaves":31,"minecraft:jungle_sapling":2,"minecraft:phantom_membrane":1,"minecraft:iron_axe":2,"minecraft:iron_pickaxe":1,"minecraft:string":11,"minecraft:bucket":2,"minecraft:white_wool":1,"minecraft:spruce_sapling":1,"minecraft:redstone_block":64,"minecraft:bone":2,"minecraft:redstone":52,"minecraft:gravel":18,"minecraft:moss_carpet":2,"minecraft:kelp":42,"minecraft:emerald_block":20,"minecraft:stone_sword":2,"minecraft:cobbled_deepslate":42,"minecraft:raw_copper":74,"minecraft:tuff":1,"minecraft:wheat":4,"minecraft:obsidian":4,"minecraft:raw_iron":105,"minecraft:rotten_flesh":31,"minecraft:oak_planks":9,"minecraft:iron_boots":1,"minecraft:glowstone_dust":2,"minecraft:cooked_mutton":12,"minecraft:jungle_trapdoor":27,"minecraft:cobbled_deepslate_slab":38,"minecraft:white_bed":1,"minecraft:shears":2,"minecraft:spruce_planks":17,"minecraft:charcoal":90,"minecraft:diamond_pickaxe":1,"minecraft:iron_chestplate":1,"minecraft:andesite":24,"minecraft:jungle_log":1,"minecraft:acacia_slab":6,"minecraft:oak_sapling":14,"minecraft:spider_eye":2,"minecraft:beef":64,"minecraft:arrow":21,"minecraft:stone_pickaxe":1,"minecraft:wooden_pickaxe":1,"minecraft:oak_leaves":13,"minecraft:egg":23},"minecraft:picked_up":{"minecraft:charcoal":90,"minecraft:crafting_table":5,"minecraft:wheat":65,"minecraft:redstone_block":128,"minecraft:chicken":4,"minecraft:ladder":1,"minecraft:wooden_pickaxe":1,"minecraft:jungle_trapdoor":23,"minecraft:string":9,"minecraft:moss_carpet":2,"minecraft:raw_copper":74,"minecraft:iron_axe":2,"minecraft:cobbled_deepslate":169,"minecraft:bucket":1,"minecraft:spruce_planks":17,"minecraft:beef":44,"minecraft:jungle_sapling":3,"minecraft:iron_pickaxe":1,"minecraft:chest":6,"minecraft:sugar_cane":174,"minecraft:birch_sapling":1,"minecraft:furnace":5,"minecraft:egg":40,"minecraft:raw_iron":262,"minecraft:stick":4,"minecraft:torch":53,"minecraft:acacia_log":12,"minecraft:porkchop":10,"minecraft:diorite":33,"minecraft:vine":36,"minecraft:redstone":52,"minecraft:stone_sword":1,"minecraft:arrow":19,"minecraft:rotten_flesh":34,"minecraft:tropical_fish":10,"minecraft:beetroot_seeds":4,"minecraft:shears":1,"minecraft:saddle":1,"minecraft:mutton":10,"minecraft:obsidian":25,"minecraft:glow_berries":26,"minecraft:white_wool":4,"minecraft:cobblestone":760,"minecraft:birch_log":6,"minecraft:enchanting_table":1,"minecraft:cooked_beef":234,"minecraft:repeater":2,"minecraft:jungle_log":126,"minecraft:andesite":33,"minecraft:water_bucket":2,"minecraft:leather":46,"minecraft:flint":1,"minecraft:tuff":1,"minecraft:oak_log":40,"minecraft:cobblestone_stairs":10,"minecraft:lapis_lazuli":128,"minecraft:dirt":395,"minecraft:name_tag":1,"minecraft:cooked_mutton":12,"minecraft:bone":41,"minecraft:acacia_planks":5,"minecraft:kelp":67,"minecraft:wheat_seeds":222,"minecraft:cobbled_deepslate_slab":42,"minecraft:spore_blossom":2,"minecraft:raw_gold":75,"minecraft:stone_pickaxe":1,"minecraft:iron_ingot":513,"minecraft:glowstone_dust":2,"minecraft:moss_block":13,"minecraft:oak_planks":5,"minecraft:book":18,"minecraft:oak_slab":1,"minecraft:emerald_block":20,"minecraft:gravel":43,"minecraft:jungle_planks":4,"minecraft:stripped_spruce_log":19,"minecraft:spruce_sapling":14,"minecraft:ink_sac":8,"minecraft:white_bed":5,"minecraft:spider_eye":2,"minecraft:mossy_cobblestone":49,"minecraft:jungle_leaves":317,"minecraft:stripped_jungle_log":4,"minecraft:pumpkin_seeds":3,"minecraft:diamond":243,"minecraft:granite":4,"minecraft:grass":7,"minecraft:bread":8,"minecraft:emerald":1,"minecraft:baked_potato":12,"minecraft:oak_sapling":17,"minecraft:coal":1654,"minecraft:oak_leaves":381,"minecraft:diamond_pickaxe":1},"minecraft:killed_by":{"minecraft:creeper":1,"minecraft:enderman":1,"minecraft:skeleton":2},"minecraft:killed":{"minecraft:witch":1,"minecraft:spider":6,"minecraft:skeleton":15,"minecraft:chicken":1,"minecraft:drowned":1,"minecraft:pig":3,"minecraft:sheep":4,"minecraft:zombie":19,"minecraft:cow":20},"minecraft:used":{"minecraft:jungle_leaves":286,"minecraft:moss_block":1,"minecraft:enchanting_table":1,"minecraft:acacia_log":1,"minecraft:flint_and_steel":1,"minecraft:ladder":4,"minecraft:chest":13,"minecraft:stone_hoe":2,"minecraft:torch":89,"minecraft:dirt":177,"minecraft:jungle_planks":98,"minecraft:cobblestone_wall":2,"minecraft:obsidian":21,"minecraft:stripped_spruce_log":2,"minecraft:jungle_trapdoor":16,"minecraft:axolotl_bucket":2,"minecraft:jungle_sapling":1,"minecraft:bookshelf":26,"minecraft:iron_axe":381,"minecraft:jungle_log":57,"minecraft:oak_sapling":3,"minecraft:furnace":5,"minecraft:egg":21,"minecraft:cooked_beef":29,"minecraft:cobbled_deepslate":22,"minecraft:wheat_seeds":92,"minecraft:cooked_mutton":5,"minecraft:water_bucket":83,"minecraft:cobblestone_stairs":8,"minecraft:acacia_trapdoor":8,"minecraft:baked_potato":60,"minecraft:oak_planks":15,"minecraft:stone_pickaxe":84,"minecraft:sugar_cane":54,"minecraft:diamond_axe":28,"minecraft:oak_leaves":369,"minecraft:glow_berries":2,"minecraft:mossy_cobblestone":4,"minecraft:vine":8,"minecraft:oak_slab":1,"minecraft:crafting_table":7,"minecraft:white_bed":5,"minecraft:shears":825,"minecraft:diamond_pickaxe":849,"minecraft:diamond_shovel":224,"minecraft:acacia_sign":3,"minecraft:iron_pickaxe":292,"minecraft:gravel":25,"minecraft:diamond_sword":7,"minecraft:cobblestone":414,"minecraft:cobbled_deepslate_slab":4,"minecraft:cooked_porkchop":4,"minecraft:andesite":4,"minecraft:bucket":85,"minecraft:kelp":25,"minecraft:stone_sword":131}},"DataVersion":3465}