{"stats":{"minecraft:mined":{"minecraft:furnace":1,"minecraft:iron_ore":17,"minecraft:granite":1,"minecraft:oak_log":9,"minecraft:coal_ore":13,"minecraft:cobweb":1,"minecraft:cobblestone":1,"minecraft:stone":41,"minecraft:sugar_cane":5,"minecraft:oak_leaves":3,"minecraft:deepslate":6},"minecraft:killed_by":{"minecraft:skeleton":2},"minecraft:crafted":{"minecraft:oak_planks":36,"minecraft:crafting_table":2,"minecraft:stick":8,"minecraft:iron_ingot":15,"minecraft:wooden_pickaxe":1,"minecraft:stone_pickaxe":1,"minecraft:stone_sword":1,"minecraft:furnace":1,"minecraft:stone_axe":1,"minecraft:air":0},"minecraft:picked_up":{"minecraft:raw_iron":15,"minecraft:oak_log":9,"minecraft:string":3,"minecraft:red_sand":2,"minecraft:cobbled_deepslate":6,"minecraft:granite":1,"minecraft:terracotta":1,"minecraft:sugar_cane":13,"minecraft:coal":11,"minecraft:furnace":1,"minecraft:cobblestone":42},"minecraft:used":{"minecraft:stone_sword":2,"minecraft:stone_pickaxe":77,"minecraft:wooden_pickaxe":3,"minecraft:cobblestone":1,"minecraft:crafting_table":2,"minecraft:furnace":2,"minecraft:cobbled_deepslate":4,"minecraft:granite":1},"minecraft:custom":{"minecraft:time_since_rest":8652,"minecraft:interact_with_furnace":6,"minecraft:sprint_one_cm":50071,"minecraft:damage_taken":1020,"minecraft:walk_one_cm":22754,"minecraft:drop":4,"minecraft:damage_dealt":75,"minecraft:interact_with_crafting_table":4,"minecraft:swim_one_cm":5666,"minecraft:fly_one_cm":112128,"minecraft:crouch_one_cm":755,"minecraft:play_time":21608,"minecraft:deaths":4,"minecraft:sneak_time":358,"minecraft:walk_under_water_one_cm":3934,"minecraft:jump":424,"minecraft:leave_game":1,"minecraft:walk_on_water_one_cm":6340,"minecraft:time_since_death":8623,"minecraft:total_world_time":21608,"minecraft:fall_one_cm":22701},"minecraft:dropped":{"minecraft:red_sand":2,"minecraft:wooden_pickaxe":1,"minecraft:terracotta":1}},"DataVersion":3465}