{"stats":{"minecraft:mined":{"minecraft:spruce_planks":72,"minecraft:white_bed":6,"minecraft:farmland":3,"minecraft:andesite_stairs":4,"minecraft:cobblestone_stairs":40,"minecraft:jungle_leaves":452,"minecraft:obsidian":76,"minecraft:spruce_trapdoor":19,"minecraft:cave_vines_plant":3,"minecraft:acacia_log":105,"minecraft:grass_block":2871,"minecraft:jungle_log":145,"minecraft:glowstone":36,"minecraft:iron_ore":35,"minecraft:cobbled_deepslate":3,"minecraft:fire":4,"minecraft:moss_carpet":2,"minecraft:deepslate_lapis_ore":5,"minecraft:enchanting_table":1,"minecraft:cave_vines":5,"minecraft:dirt_path":2,"minecraft:spruce_slab":11,"minecraft:jungle_trapdoor":5,"minecraft:deepslate_redstone_ore":6,"minecraft:quartz_block":105,"minecraft:kelp_plant":10,"minecraft:clay":1,"minecraft:torch":36,"minecraft:poppy":2,"minecraft:chest":9,"minecraft:cobblestone":628,"minecraft:sugar_cane":49,"minecraft:oak_planks":8,"minecraft:wall_torch":45,"minecraft:birch_log":6,"minecraft:wheat":89,"minecraft:grass":172,"minecraft:oak_log":76,"minecraft:sand":1993,"minecraft:dirt":2140,"minecraft:netherrack":30,"minecraft:oak_leaves":488,"minecraft:deepslate":580,"minecraft:tuff":105,"minecraft:mossy_cobblestone":49,"minecraft:deepslate_diamond_ore":14,"minecraft:cobbled_deepslate_slab":13,"minecraft:ladder":2,"minecraft:spruce_fence":5,"minecraft:jungle_planks":6,"minecraft:spruce_leaves":7,"minecraft:moss_block":3,"minecraft:kelp":71,"minecraft:sandstone":26,"minecraft:spore_blossom":1,"minecraft:oak_trapdoor":5,"minecraft:furnace":3,"minecraft:carrots":108,"minecraft:acacia_trapdoor":1,"minecraft:andesite":295,"minecraft:stripped_spruce_log":39,"minecraft:bookshelf":6,"minecraft:deepslate_iron_ore":107,"minecraft:vine":64,"minecraft:lantern":3,"minecraft:stripped_jungle_log":4,"minecraft:stone":2171,"minecraft:podzol":33,"minecraft:oak_slab":1,"minecraft:acacia_leaves":297,"minecraft:scaffolding":1,"minecraft:soul_sand":79,"minecraft:spruce_door":1,"minecraft:crafting_table":12,"minecraft:tall_grass":4,"minecraft:copper_ore":6,"minecraft:deepslate_coal_ore":2,"minecraft:lapis_ore":1,"minecraft:deepslate_gold_ore":41,"minecraft:diorite":13,"minecraft:spruce_stairs":126,"minecraft:spruce_log":824,"minecraft:coal_ore":87,"minecraft:gravel":32,"minecraft:acacia_planks":13,"minecraft:small_dripleaf":1,"minecraft:gold_ore":1,"minecraft:deepslate_emerald_ore":1,"minecraft:fern":4},"minecraft:killed_by":{"minecraft:creeper":1,"minecraft:zombie":1,"minecraft:player":3,"minecraft:enderman":1,"minecraft:skeleton":2},"minecraft:killed":{"minecraft:witch":1,"minecraft:spider":10,"minecraft:skeleton":23,"minecraft:chicken":1,"minecraft:pig":3,"minecraft:zombie_villager":1,"minecraft:creeper":2,"minecraft:sheep":4,"minecraft:pillager":5,"minecraft:zombie":45,"minecraft:cow":20,"minecraft:drowned":1},"minecraft:broken":{"minecraft:shears":4,"minecraft:iron_hoe":1,"minecraft:iron_axe":2,"minecraft:iron_pickaxe":1},"minecraft:picked_up":{"minecraft:wheat":65,"minecraft:redstone_block":128,"minecraft:string":11,"minecraft:raw_copper":437,"minecraft:cobbled_deepslate":271,"minecraft:bucket":2,"minecraft:spruce_planks":74,"minecraft:acacia_sign":1,"minecraft:iron_pickaxe":1,"minecraft:furnace":5,"minecraft:stick":75,"minecraft:torch":144,"minecraft:acacia_log":103,"minecraft:spruce_stairs":114,"minecraft:porkchop":10,"minecraft:diorite":41,"minecraft:vine":36,"minecraft:quartz_block":318,"minecraft:stone_sword":1,"minecraft:rotten_flesh":163,"minecraft:tropical_fish":10,"minecraft:obsidian":69,"minecraft:cobblestone":2644,"minecraft:birch_log":10,"minecraft:enchanting_table":1,"minecraft:cooked_beef":243,"minecraft:repeater":2,"minecraft:water_bucket":2,"minecraft:andesite":249,"minecraft:jungle_log":126,"minecraft:acacia_leaves":350,"minecraft:potato":1,"minecraft:flint":3,"minecraft:tuff":4,"minecraft:lapis_lazuli":2944,"minecraft:dirt":4840,"minecraft:lantern":2,"minecraft:name_tag":1,"minecraft:bone":50,"minecraft:acacia_planks":12,"minecraft:wheat_seeds":2527,"minecraft:raw_gold":75,"minecraft:cobbled_deepslate_slab":42,"minecraft:glowstone_dust":150,"minecraft:moss_block":13,"minecraft:oak_planks":5,"minecraft:sand":1965,"minecraft:jungle_planks":4,"minecraft:stripped_spruce_log":21,"minecraft:ink_sac":8,"minecraft:mossy_cobblestone":49,"minecraft:jungle_leaves":317,"minecraft:iron_hoe":1,"minecraft:diamond":611,"minecraft:granite":4,"minecraft:grass":7,"minecraft:emerald":103,"minecraft:bread":20,"minecraft:oak_sapling":27,"minecraft:oak_leaves":382,"minecraft:diamond_pickaxe":3,"minecraft:charcoal":90,"minecraft:crafting_table":13,"minecraft:chicken":4,"minecraft:ladder":1,"minecraft:wooden_pickaxe":1,"minecraft:jungle_trapdoor":23,"minecraft:oak_trapdoor":5,"minecraft:moss_carpet":2,"minecraft:iron_axe":2,"minecraft:beef":44,"minecraft:andesite_stairs":4,"minecraft:jungle_sapling":3,"minecraft:iron_nugget":5,"minecraft:poppy":8,"minecraft:spruce_slab":15,"minecraft:chest":9,"minecraft:sugar_cane":174,"minecraft:birch_sapling":4,"minecraft:spruce_trapdoor":19,"minecraft:egg":50,"minecraft:raw_iron":262,"minecraft:sandstone":17,"minecraft:spruce_fence":5,"minecraft:carrot":409,"minecraft:redstone":52,"minecraft:arrow":24,"minecraft:beetroot_seeds":4,"minecraft:shears":1,"minecraft:saddle":1,"minecraft:glow_berries":26,"minecraft:mutton":10,"minecraft:white_wool":4,"minecraft:golden_carrot":15,"minecraft:leather":46,"minecraft:oak_log":76,"minecraft:gunpowder":1,"minecraft:cobblestone_stairs":45,"minecraft:cooked_mutton":12,"minecraft:kelp":181,"minecraft:acacia_trapdoor":1,"minecraft:spore_blossom":2,"minecraft:iron_ingot":520,"minecraft:stone_pickaxe":1,"minecraft:acacia_sapling":1,"minecraft:soul_sand":79,"minecraft:book":18,"minecraft:oak_slab":1,"minecraft:emerald_block":20,"minecraft:dandelion":4,"minecraft:gravel":43,"minecraft:spruce_sapling":141,"minecraft:white_bed":7,"minecraft:spruce_log":887,"minecraft:spruce_door":1,"minecraft:spider_eye":5,"minecraft:stripped_jungle_log":4,"minecraft:diamond_shovel":1,"minecraft:pumpkin_seeds":3,"minecraft:baked_potato":12,"minecraft:coal":4684},"minecraft:crafted":{"minecraft:grindstone":1,"minecraft:oak_planks":268,"minecraft:cobblestone_slab":6,"minecraft:cobblestone_stairs":148,"minecraft:diamond_shovel":1,"minecraft:bookshelf":26,"minecraft:cooked_mutton":11,"minecraft:diamond_helmet":1,"minecraft:diamond_leggings":1,"minecraft:iron_boots":1,"minecraft:chest":14,"minecraft:stone_hoe":2,"minecraft:cooked_porkchop":4,"minecraft:diamond_axe":1,"minecraft:crafting_table":7,"minecraft:spruce_planks":1382,"minecraft:iron_helmet":1,"minecraft:baked_potato":53,"minecraft:spruce_door":3,"minecraft:birch_planks":24,"minecraft:spruce_trapdoor":90,"minecraft:iron_chestplate":1,"minecraft:diamond_pickaxe":1,"minecraft:stick":452,"minecraft:stone_slab":6,"minecraft:iron_ingot":78,"minecraft:iron_pickaxe":2,"minecraft:andesite_stairs":16,"minecraft:stone_sword":2,"minecraft:gold_ingot":39,"minecraft:shears":7,"minecraft:golden_carrot":43,"minecraft:iron_nugget":256,"minecraft:furnace":2,"minecraft:jungle_trapdoor":20,"minecraft:spruce_fence":33,"minecraft:diamond_block":1,"minecraft:oak_trapdoor":8,"minecraft:flint_and_steel":2,"minecraft:lantern":12,"minecraft:diamond":9,"minecraft:spruce_stairs":280,"minecraft:iron_axe":2,"minecraft:ladder":9,"minecraft:spruce_slab":240,"minecraft:stone_pickaxe":1,"minecraft:cobblestone_wall":6,"minecraft:diamond_boots":1,"minecraft:cooked_beef":32,"minecraft:diamond_sword":1,"minecraft:acacia_trapdoor":8,"minecraft:bucket":1,"minecraft:glowstone":32,"minecraft:air":0,"minecraft:bread":8,"minecraft:jungle_planks":280,"minecraft:gold_nugget":351,"minecraft:acacia_sign":6,"minecraft:iron_leggings":1,"minecraft:white_bed":1,"minecraft:acacia_planks":260,"minecraft:torch":400,"minecraft:diamond_chestplate":1},"minecraft:used":{"minecraft:moss_block":1,"minecraft:spruce_slab":198,"minecraft:ladder":8,"minecraft:chest":23,"minecraft:soul_sand":12,"minecraft:jungle_planks":98,"minecraft:carrot":121,"minecraft:axolotl_bucket":2,"minecraft:obsidian":35,"minecraft:stripped_spruce_log":3,"minecraft:jungle_sapling":1,"minecraft:lantern":11,"minecraft:quartz_block":197,"minecraft:oak_sapling":4,"minecraft:furnace":5,"minecraft:egg":22,"minecraft:spruce_door":2,"minecraft:acacia_trapdoor":9,"minecraft:stone_pickaxe":84,"minecraft:oak_planks":15,"minecraft:sugar_cane":54,"minecraft:diamond_axe":1281,"minecraft:oak_leaves":369,"minecraft:glow_berries":12,"minecraft:sand":792,"minecraft:acacia_leaves":286,"minecraft:shears":1118,"minecraft:bread":20,"minecraft:gravel":25,"minecraft:diamond_sword":136,"minecraft:grindstone":1,"minecraft:andesite":157,"minecraft:oak_trapdoor":13,"minecraft:jungle_leaves":286,"minecraft:stone_sword":131,"minecraft:enchanting_table":1,"minecraft:acacia_log":1,"minecraft:flint_and_steel":2,"minecraft:spruce_planks":289,"minecraft:stone_hoe":124,"minecraft:torch":350,"minecraft:dirt":1876,"minecraft:spruce_stairs":381,"minecraft:cobblestone_wall":2,"minecraft:jungle_trapdoor":16,"minecraft:spruce_fence":38,"minecraft:iron_hoe":14,"minecraft:bookshelf":26,"minecraft:iron_axe":381,"minecraft:jungle_log":57,"minecraft:diamond_chestplate":1,"minecraft:glowstone":4,"minecraft:golden_carrot":43,"minecraft:netherite_pickaxe":3214,"minecraft:cooked_beef":44,"minecraft:cobbled_deepslate":27,"minecraft:wheat_seeds":92,"minecraft:cooked_mutton":11,"minecraft:water_bucket":147,"minecraft:cobblestone_stairs":165,"minecraft:baked_potato":60,"minecraft:cobblestone_slab":6,"minecraft:mossy_cobblestone":4,"minecraft:vine":8,"minecraft:oak_slab":1,"minecraft:crafting_table":18,"minecraft:white_bed":7,"minecraft:spruce_log":378,"minecraft:oak_log":7,"minecraft:diamond_pickaxe":952,"minecraft:diamond_shovel":7438,"minecraft:acacia_sign":5,"minecraft:iron_pickaxe":292,"minecraft:spruce_trapdoor":54,"minecraft:spruce_sapling":32,"minecraft:cobblestone":1032,"minecraft:cobbled_deepslate_slab":4,"minecraft:cooked_porkchop":4,"minecraft:andesite_stairs":19,"minecraft:bucket":149,"minecraft:kelp":87},"minecraft:custom":{"minecraft:animals_bred":19,"minecraft:interact_with_crafting_table":89,"minecraft:leave_game":13,"minecraft:time_since_death":842,"minecraft:sprint_one_cm":3021697,"minecraft:drop":461,"minecraft:play_time":1241964,"minecraft:deaths":25,"minecraft:jump":19717,"minecraft:walk_on_water_one_cm":136098,"minecraft:enchant_item":18,"minecraft:interact_with_furnace":96,"minecraft:sleep_in_bed":12,"minecraft:damage_dealt":17934,"minecraft:player_kills":1,"minecraft:crouch_one_cm":98908,"minecraft:mob_kills":117,"minecraft:climb_one_cm":135359,"minecraft:walk_one_cm":2091975,"minecraft:sneak_time":27175,"minecraft:walk_under_water_one_cm":84502,"minecraft:interact_with_blast_furnace":1,"minecraft:total_world_time":1241964,"minecraft:interact_with_grindstone":15,"minecraft:time_since_rest":76642,"minecraft:damage_taken":13459,"minecraft:swim_one_cm":127795,"minecraft:fly_one_cm":4840252,"minecraft:open_chest":330,"minecraft:fall_one_cm":532305},"minecraft:dropped":{"minecraft:soul_sand":3,"minecraft:moss_block":12,"minecraft:porkchop":2,"minecraft:lapis_lazuli":2016,"minecraft:cooked_beef":223,"minecraft:baked_potato":5,"minecraft:diamond":224,"minecraft:spore_blossom":2,"minecraft:crafting_table":1,"minecraft:glow_berries":3,"minecraft:leather":39,"minecraft:flint":1,"minecraft:music_disc_13":1,"minecraft:cobblestone_stairs":12,"minecraft:dirt":2406,"minecraft:grass":7,"minecraft:jungle_sapling":2,"minecraft:phantom_membrane":1,"minecraft:sand":691,"minecraft:iron_pickaxe":1,"minecraft:birch_log":4,"minecraft:white_wool":1,"minecraft:bone":11,"minecraft:gravel":18,"minecraft:emerald_block":20,"minecraft:cobbled_deepslate":204,"minecraft:birch_sapling":3,"minecraft:wheat":4,"minecraft:obsidian":26,"minecraft:rotten_flesh":160,"minecraft:oak_planks":58,"minecraft:diamond_shovel":1,"minecraft:glowstone_dust":2,"minecraft:cooked_mutton":12,"minecraft:jungle_trapdoor":27,"minecraft:white_bed":1,"minecraft:poppy":2,"minecraft:gunpowder":1,"minecraft:charcoal":180,"minecraft:jungle_log":1,"minecraft:acacia_slab":6,"minecraft:acacia_sapling":1,"minecraft:ladder":2,"minecraft:arrow":26,"minecraft:beef":64,"minecraft:oak_leaves":13,"minecraft:egg":32,"minecraft:stone_hoe":2,"minecraft:water_bucket":2,"minecraft:iron_ingot":263,"minecraft:bread":8,"minecraft:stripped_spruce_log":17,"minecraft:vine":28,"minecraft:wheat_seeds":2488,"minecraft:golden_horse_armor":1,"minecraft:iron_helmet":1,"minecraft:cobblestone":464,"minecraft:granite":4,"minecraft:spruce_door":2,"minecraft:tropical_fish":8,"minecraft:spruce_stairs":13,"minecraft:acacia_log":12,"minecraft:coal":1894,"minecraft:stick":137,"minecraft:acacia_sign":2,"minecraft:diorite":41,"minecraft:golden_carrot":15,"minecraft:ink_sac":8,"minecraft:repeater":2,"minecraft:iron_leggings":1,"minecraft:jungle_leaves":31,"minecraft:iron_axe":2,"minecraft:string":13,"minecraft:bucket":2,"minecraft:acacia_planks":7,"minecraft:spruce_sapling":50,"minecraft:redstone_block":64,"minecraft:dandelion":2,"minecraft:redstone":52,"minecraft:moss_carpet":2,"minecraft:kelp":94,"minecraft:stone_sword":2,"minecraft:raw_copper":458,"minecraft:tuff":4,"minecraft:raw_iron":105,"minecraft:iron_boots":1,"minecraft:stone_slab":5,"minecraft:cobbled_deepslate_slab":38,"minecraft:shears":3,"minecraft:acacia_leaves":64,"minecraft:potato":1,"minecraft:spruce_planks":98,"minecraft:iron_chestplate":1,"minecraft:diamond_pickaxe":3,"minecraft:andesite":52,"minecraft:oak_sapling":22,"minecraft:andesite_stairs":1,"minecraft:spider_eye":5,"minecraft:spruce_log":107,"minecraft:sandstone":6,"minecraft:stone_pickaxe":1,"minecraft:wooden_pickaxe":1}},"DataVersion":3465}