{"stats":{"minecraft:custom":{"minecraft:jump":193,"minecraft:time_since_rest":9913,"minecraft:damage_taken":20,"minecraft:leave_game":2,"minecraft:play_time":9913,"minecraft:sprint_one_cm":24631,"minecraft:walk_on_water_one_cm":2273,"minecraft:time_since_death":9913,"minecraft:walk_one_cm":5938,"minecraft:sneak_time":46,"minecraft:total_world_time":9913,"minecraft:walk_under_water_one_cm":3644,"minecraft:swim_one_cm":11491,"minecraft:fall_one_cm":6119,"minecraft:fly_one_cm":54720}},"DataVersion":3465}