{"stats":{"minecraft:mined":{"minecraft:dark_oak_planks":10,"minecraft:spruce_planks":617,"minecraft:white_bed":2,"minecraft:farmland":10,"minecraft:cobblestone_stairs":43,"minecraft:jungle_leaves":13,"minecraft:obsidian":23,"minecraft:granite":29,"minecraft:acacia_log":75,"minecraft:grass_block":11107,"minecraft:jungle_log":118,"minecraft:cracked_polished_blackstone_bricks":12,"minecraft:soul_soil":15,"minecraft:crimson_fungus":1,"minecraft:hopper":1,"minecraft:weeping_vines_plant":1,"minecraft:polished_blackstone_bricks":21,"minecraft:tall_seagrass":8,"minecraft:magma_block":38,"minecraft:glowstone":103,"minecraft:iron_ore":70,"minecraft:sticky_piston":3,"minecraft:fire":103,"minecraft:cobbled_deepslate":191,"minecraft:anvil":1,"minecraft:deepslate_lapis_ore":30,"minecraft:enchanting_table":4,"minecraft:quartz_slab":6,"minecraft:flowering_azalea_leaves":1,"minecraft:dirt_path":24,"minecraft:white_banner":1,"minecraft:spruce_slab":139,"minecraft:tripwire":4,"minecraft:deepslate_redstone_ore":42,"minecraft:quartz_block":591,"minecraft:blackstone":11,"minecraft:kelp_plant":10,"minecraft:crimson_nylium":42,"minecraft:smoker":4,"minecraft:clay":1,"minecraft:torch":219,"minecraft:blast_furnace":2,"minecraft:melon":1,"minecraft:poppy":7,"minecraft:chest":4,"minecraft:glass":20,"minecraft:nether_quartz_ore":607,"minecraft:cobblestone":271,"minecraft:oak_planks":58,"minecraft:sugar_cane":227,"minecraft:wall_torch":153,"minecraft:amethyst_block":1,"minecraft:deepslate_copper_ore":9,"minecraft:seagrass":6,"minecraft:repeater":7,"minecraft:dark_oak_door":3,"minecraft:birch_log":5,"minecraft:wheat":284,"minecraft:lilac":2,"minecraft:grass":1255,"minecraft:oak_log":244,"minecraft:oak_fence_gate":2,"minecraft:sand":839,"minecraft:dirt":9356,"minecraft:smooth_basalt":3,"minecraft:dispenser":1,"minecraft:ancient_debris":4,"minecraft:netherrack":6400,"minecraft:oak_leaves":666,"minecraft:deepslate":865,"minecraft:nether_gold_ore":18,"minecraft:tuff":72,"minecraft:quartz_stairs":115,"minecraft:mossy_cobblestone":64,"minecraft:dark_oak_leaves":1,"minecraft:deepslate_diamond_ore":44,"minecraft:dark_oak_log":60,"minecraft:cobbled_deepslate_slab":33,"minecraft:glow_lichen":1,"minecraft:ladder":6,"minecraft:spruce_fence":10,"minecraft:jungle_planks":2,"minecraft:crimson_roots":11,"minecraft:weeping_vines":1,"minecraft:redstone_wire":29,"minecraft:spruce_leaves":57,"minecraft:kelp":41,"minecraft:sandstone":33,"minecraft:crimson_stem":2,"minecraft:hay_block":42,"minecraft:redstone_ore":4,"minecraft:spruce_sapling":14,"minecraft:furnace":6,"minecraft:carrots":1,"minecraft:andesite":49,"minecraft:stripped_spruce_log":79,"minecraft:gold_block":18,"minecraft:rail":44,"minecraft:bookshelf":4,"minecraft:potatoes":236,"minecraft:shroomlight":7,"minecraft:deepslate_iron_ore":147,"minecraft:vine":53,"minecraft:lantern":30,"minecraft:bamboo_sapling":5,"minecraft:bamboo":187,"minecraft:stone":6635,"minecraft:podzol":95,"minecraft:oak_slab":9,"minecraft:acacia_leaves":7,"minecraft:scaffolding":19,"minecraft:glass_pane":44,"minecraft:soul_sand":36,"minecraft:basalt":2,"minecraft:dandelion":4,"minecraft:crafting_table":21,"minecraft:spruce_button":1,"minecraft:copper_ore":20,"minecraft:stone_slab":16,"minecraft:tall_grass":139,"minecraft:quartz_bricks":1,"minecraft:lapis_ore":6,"minecraft:deepslate_gold_ore":38,"minecraft:polished_blackstone_brick_stairs":1,"minecraft:diorite":50,"minecraft:big_dripleaf":1,"minecraft:spruce_stairs":9,"minecraft:birch_planks":13,"minecraft:redstone_torch":15,"minecraft:birch_leaves":3,"minecraft:spruce_log":1324,"minecraft:coal_ore":500,"minecraft:gravel":69,"minecraft:acacia_planks":23,"minecraft:gold_ore":7,"minecraft:chipped_anvil":2,"minecraft:fern":128},"minecraft:killed_by":{"minecraft:creeper":1,"minecraft:pufferfish":1,"minecraft:zombie":1,"minecraft:player":1,"minecraft:spider":1,"minecraft:skeleton":2},"minecraft:killed":{"minecraft:zombified_piglin":2,"minecraft:witch":1,"minecraft:spider":33,"minecraft:pufferfish":1,"minecraft:skeleton":622,"minecraft:chicken":29,"minecraft:piglin_brute":9,"minecraft:tropical_fish":8,"minecraft:magma_cube":17,"minecraft:piglin":33,"minecraft:pig":12,"minecraft:zombie_villager":1,"minecraft:salmon":7,"minecraft:strider":3,"minecraft:creeper":6,"minecraft:sheep":9,"minecraft:pillager":5,"minecraft:zombie":94,"minecraft:ghast":1,"minecraft:cow":68,"minecraft:phantom":7,"minecraft:drowned":1,"minecraft:hoglin":8,"minecraft:enderman":2},"minecraft:broken":{"minecraft:iron_shovel":1,"minecraft:diamond_helmet":1,"minecraft:iron_boots":1,"minecraft:bow":1,"minecraft:flint_and_steel":1,"minecraft:diamond_leggings":1,"minecraft:iron_axe":1,"minecraft:iron_pickaxe":1,"minecraft:iron_helmet":1},"minecraft:picked_up":{"minecraft:iron_chestplate":2,"minecraft:wheat":266,"minecraft:anvil":1,"minecraft:lead":4,"minecraft:stone_slab":16,"minecraft:diamond_sword":5,"minecraft:nether_brick":1,"minecraft:golden_sword":1,"minecraft:amethyst_block":2,"minecraft:polished_blackstone_brick_stairs":1,"minecraft:string":36,"minecraft:soul_soil":15,"minecraft:raw_copper":274,"minecraft:cooked_salmon":2,"minecraft:sticky_piston":3,"minecraft:pufferfish":4,"minecraft:shroomlight":7,"minecraft:gold_nugget":655,"minecraft:cobbled_deepslate":989,"minecraft:bucket":6,"minecraft:spruce_planks":785,"minecraft:spruce_stairs":9,"minecraft:redstone_torch":16,"minecraft:iron_pickaxe":4,"minecraft:melon_slice":4,"minecraft:iron_boots":1,"minecraft:furnace":7,"minecraft:dark_oak_door":3,"minecraft:stick":176,"minecraft:oak_fence":3,"minecraft:torch":506,"minecraft:acacia_log":123,"minecraft:porkchop":25,"minecraft:diorite":106,"minecraft:golden_chestplate":1,"minecraft:quartz_block":1044,"minecraft:rotten_flesh":81,"minecraft:tropical_fish":15,"minecraft:obsidian":21,"minecraft:furnace_minecart":3,"minecraft:cobblestone":4234,"minecraft:birch_log":3,"minecraft:enchanting_table":5,"minecraft:magma_block":36,"minecraft:jungle_log":99,"minecraft:lilac":1,"minecraft:feather":37,"minecraft:cooked_beef":149,"minecraft:repeater":8,"minecraft:water_bucket":3,"minecraft:andesite":30,"minecraft:smoker":4,"minecraft:potato":731,"minecraft:flint":40,"minecraft:tuff":87,"minecraft:lapis_lazuli":382,"minecraft:dirt":15923,"minecraft:lantern":221,"minecraft:glass":88,"minecraft:bone":632,"minecraft:chipped_anvil":2,"minecraft:acacia_planks":24,"minecraft:bow":56,"minecraft:wheat_seeds":4986,"minecraft:raw_gold":54,"minecraft:cobbled_deepslate_slab":102,"minecraft:glowstone_dust":319,"minecraft:bamboo":1297,"minecraft:moss_block":12,"minecraft:oak_planks":68,"minecraft:cooked_porkchop":25,"minecraft:poisonous_potato":4,"minecraft:sand":856,"minecraft:jungle_planks":4,"minecraft:stripped_spruce_log":112,"minecraft:grass_block":40,"minecraft:dark_oak_log":60,"minecraft:mossy_cobblestone":64,"minecraft:quartz_bricks":129,"minecraft:dispenser":1,"minecraft:diamond":100,"minecraft:cracked_polished_blackstone_bricks":11,"minecraft:crossbow":2,"minecraft:granite":30,"minecraft:bone_meal":51,"minecraft:grass":9,"minecraft:bread":27,"minecraft:oak_sapling":88,"minecraft:netherrack":3039,"minecraft:oak_leaves":871,"minecraft:crimson_roots":17,"minecraft:diamond_pickaxe":11,"minecraft:cocoa_beans":3,"minecraft:crafting_table":22,"minecraft:chicken":24,"minecraft:ladder":6,"minecraft:chest_minecart":4,"minecraft:wooden_pickaxe":3,"minecraft:gold_block":16,"minecraft:iron_axe":1,"minecraft:acacia_door":2,"minecraft:quartz_slab":7,"minecraft:iron_shovel":1,"minecraft:blackstone":1,"minecraft:glass_pane":31,"minecraft:oak_boat":3,"minecraft:beef":176,"minecraft:jungle_sapling":8,"minecraft:poppy":1,"minecraft:spruce_slab":152,"minecraft:sugar_cane":286,"minecraft:quartz_stairs":114,"minecraft:chest":4,"minecraft:phantom_membrane":3,"minecraft:egg":82,"minecraft:raw_iron":264,"minecraft:sandstone":100,"minecraft:stone":24,"minecraft:spruce_fence":10,"minecraft:polished_blackstone_bricks":22,"minecraft:stone_button":1,"minecraft:carrot":9,"minecraft:redstone":288,"minecraft:netherite_pickaxe":4,"minecraft:dark_oak_planks":10,"minecraft:arrow":679,"minecraft:hay_block":71,"minecraft:saddle":1,"minecraft:mutton":13,"minecraft:glow_berries":37,"minecraft:rail":58,"minecraft:white_wool":7,"minecraft:golden_carrot":122,"minecraft:basalt":2,"minecraft:crimson_stem":2,"minecraft:salmon":6,"minecraft:leather":85,"minecraft:fern":7,"minecraft:birch_planks":9,"minecraft:crimson_fungus":2,"minecraft:oak_log":355,"minecraft:ancient_debris":4,"minecraft:gunpowder":8,"minecraft:cobblestone_stairs":47,"minecraft:paper":7,"minecraft:white_banner":2,"minecraft:cooked_mutton":1,"minecraft:apple":5,"minecraft:kelp":184,"minecraft:iron_ingot":32,"minecraft:oak_fence_gate":2,"minecraft:stone_pickaxe":8,"minecraft:cooked_chicken":49,"minecraft:acacia_sapling":10,"minecraft:soul_sand":27,"minecraft:book":12,"minecraft:scaffolding":36,"minecraft:oak_slab":8,"minecraft:smooth_basalt":6,"minecraft:quartz":11118,"minecraft:dandelion":3,"minecraft:gravel":26,"minecraft:spruce_sapling":181,"minecraft:blast_furnace":2,"minecraft:white_bed":2,"minecraft:spruce_log":1310,"minecraft:spider_eye":2,"minecraft:diamond_shovel":5,"minecraft:stone_axe":5,"minecraft:diamond_axe":3,"minecraft:gray_wool":1,"minecraft:baked_potato":9,"minecraft:coal":2674,"minecraft:hopper":2,"minecraft:ender_pearl":1},"minecraft:crafted":{"minecraft:jungle_button":4,"minecraft:smooth_stone":4,"minecraft:oak_planks":428,"minecraft:quartz_bricks":640,"minecraft:cooked_chicken":21,"minecraft:cobblestone_stairs":68,"minecraft:stone":36,"minecraft:diamond_shovel":2,"minecraft:bookshelf":31,"minecraft:spruce_pressure_plate":4,"minecraft:cooked_mutton":14,"minecraft:dark_oak_door":9,"minecraft:quartz_block":2911,"minecraft:glass":420,"minecraft:hopper":4,"minecraft:bow":39,"minecraft:diamond_helmet":1,"minecraft:repeater":3,"minecraft:diamond_leggings":2,"minecraft:iron_boots":2,"minecraft:chest":45,"minecraft:oak_button":1,"minecraft:rail":80,"minecraft:furnace_minecart":1,"minecraft:quartz_stairs":352,"minecraft:oak_slab":18,"minecraft:cooked_porkchop":25,"minecraft:diamond_axe":2,"minecraft:crafting_table":28,"minecraft:spruce_planks":3076,"minecraft:iron_helmet":2,"minecraft:wooden_pickaxe":1,"minecraft:baked_potato":403,"minecraft:smithing_table":1,"minecraft:acacia_button":1,"minecraft:birch_planks":12,"minecraft:dispenser":1,"minecraft:iron_chestplate":1,"minecraft:book":31,"minecraft:paper":93,"minecraft:diamond_pickaxe":20,"minecraft:shield":1,"minecraft:stick":342,"minecraft:stone_slab":24,"minecraft:iron_ingot":211,"minecraft:iron_pickaxe":2,"minecraft:iron_block":3,"minecraft:stone_sword":2,"minecraft:acacia_door":3,"minecraft:gold_ingot":25,"minecraft:sandstone":99,"minecraft:redstone_torch":7,"minecraft:netherite_ingot":1,"minecraft:spruce_fence_gate":2,"minecraft:shears":2,"minecraft:cobbled_deepslate_slab":76,"minecraft:netherite_sword":1,"minecraft:iron_nugget":325,"minecraft:spruce_button":1,"minecraft:furnace":14,"minecraft:blast_furnace":1,"minecraft:bone_meal":732,"minecraft:spruce_fence":48,"minecraft:flint_and_steel":2,"minecraft:glass_pane":864,"minecraft:scaffolding":36,"minecraft:lantern":39,"minecraft:spruce_stairs":24,"minecraft:polished_diorite":4,"minecraft:iron_axe":2,"minecraft:ladder":12,"minecraft:iron_hoe":1,"minecraft:spruce_slab":216,"minecraft:stone_pickaxe":2,"minecraft:quartz_slab":96,"minecraft:diamond_boots":2,"minecraft:spruce_boat":2,"minecraft:netherite_scrap":4,"minecraft:dark_oak_planks":152,"minecraft:lead":4,"minecraft:minecart":2,"minecraft:wheat":369,"minecraft:cooked_beef":84,"minecraft:crimson_planks":8,"minecraft:netherite_pickaxe":1,"minecraft:diamond_sword":7,"minecraft:enchanting_table":1,"minecraft:cooked_salmon":1,"minecraft:bucket":6,"minecraft:stone_axe":2,"minecraft:glowstone":67,"minecraft:air":0,"minecraft:bread":110,"minecraft:jungle_planks":124,"minecraft:oak_fence_gate":8,"minecraft:oak_boat":2,"minecraft:iron_shovel":1,"minecraft:iron_leggings":1,"minecraft:anvil":1,"minecraft:white_bed":2,"minecraft:acacia_planks":320,"minecraft:torch":572,"minecraft:diamond_chestplate":1},"minecraft:used":{"minecraft:iron_shovel":268,"minecraft:dispenser":2,"minecraft:spruce_slab":342,"minecraft:ladder":14,"minecraft:shield":24,"minecraft:chest":44,"minecraft:stone":10,"minecraft:quartz_stairs":461,"minecraft:iron_chestplate":1,"minecraft:soul_sand":5,"minecraft:jungle_planks":2,"minecraft:carrot":1,"minecraft:furnace_minecart":3,"minecraft:spruce_boat":1,"minecraft:tuff":42,"minecraft:acacia_sapling":2,"minecraft:acacia_button":1,"minecraft:quartz_slab":84,"minecraft:axolotl_bucket":11,"minecraft:obsidian":16,"minecraft:stripped_spruce_log":97,"minecraft:glass":77,"minecraft:lava_bucket":1,"minecraft:jungle_sapling":1,"minecraft:grass_block":40,"minecraft:lantern":144,"minecraft:quartz_block":1192,"minecraft:repeater":10,"minecraft:magma_block":8,"minecraft:bow":438,"minecraft:scaffolding":58,"minecraft:oak_sapling":4,"minecraft:furnace":14,"minecraft:egg":167,"minecraft:potato":287,"minecraft:diorite":41,"minecraft:diamond_boots":2,"minecraft:oak_planks":33,"minecraft:stone_pickaxe":84,"minecraft:ender_pearl":1,"minecraft:blackstone":1,"minecraft:wooden_pickaxe":3,"minecraft:sandstone":10,"minecraft:sugar_cane":65,"minecraft:diamond_axe":3135,"minecraft:glow_berries":8,"minecraft:oak_leaves":2202,"minecraft:sand":15,"minecraft:blast_furnace":3,"minecraft:crossbow":10,"minecraft:lingering_potion":1,"minecraft:shears":364,"minecraft:redstone_torch":15,"minecraft:stone_button":1,"minecraft:melon_slice":2,"minecraft:acacia_door":1,"minecraft:dark_oak_log":5,"minecraft:string":2,"minecraft:bread":69,"minecraft:gravel":3,"minecraft:diamond_sword":1507,"minecraft:andesite":16,"minecraft:smithing_table":1,"minecraft:oak_boat":3,"minecraft:tropical_fish_bucket":4,"minecraft:bone_meal":571,"minecraft:netherite_sword":477,"minecraft:enchanting_table":5,"minecraft:stone_sword":10,"minecraft:acacia_log":6,"minecraft:flint_and_steel":68,"minecraft:tropical_fish":8,"minecraft:redstone":36,"minecraft:spruce_planks":2823,"minecraft:cooked_salmon":2,"minecraft:cooked_chicken":42,"minecraft:netherrack":479,"minecraft:dirt":15573,"minecraft:torch":807,"minecraft:anvil":2,"minecraft:hopper":5,"minecraft:spruce_stairs":27,"minecraft:salmon_bucket":1,"minecraft:diamond_helmet":1,"minecraft:oak_fence_gate":10,"minecraft:polished_diorite":4,"minecraft:granite":19,"minecraft:spruce_fence":42,"minecraft:shroomlight":3,"minecraft:iron_hoe":172,"minecraft:dark_oak_planks":106,"minecraft:chipped_anvil":2,"minecraft:bookshelf":31,"minecraft:iron_axe":485,"minecraft:spruce_button":1,"minecraft:jungle_log":3,"minecraft:polished_blackstone_brick_stairs":1,"minecraft:bamboo":71,"minecraft:smooth_basalt":3,"minecraft:diamond_chestplate":2,"minecraft:glowstone":94,"minecraft:basalt":2,"minecraft:golden_carrot":61,"minecraft:minecart":1,"minecraft:netherite_pickaxe":9052,"minecraft:cooked_beef":144,"minecraft:cobbled_deepslate":794,"minecraft:acacia_planks":70,"minecraft:iron_leggings":1,"minecraft:quartz_bricks":2,"minecraft:wheat_seeds":370,"minecraft:cooked_mutton":15,"minecraft:water_bucket":555,"minecraft:amethyst_block":1,"minecraft:cobblestone_stairs":49,"minecraft:baked_potato":297,"minecraft:spruce_fence_gate":2,"minecraft:polished_blackstone_bricks":19,"minecraft:salmon":2,"minecraft:mossy_cobblestone":7,"minecraft:rail":123,"minecraft:oak_slab":23,"minecraft:crafting_table":39,"minecraft:white_bed":4,"minecraft:spruce_log":683,"minecraft:dark_oak_door":12,"minecraft:smoker":4,"minecraft:oak_log":73,"minecraft:diamond_pickaxe":7926,"minecraft:apple":3,"minecraft:diamond_shovel":21521,"minecraft:command_block":1,"minecraft:cracked_polished_blackstone_bricks":11,"minecraft:iron_pickaxe":392,"minecraft:spruce_pressure_plate":4,"minecraft:stone_slab":25,"minecraft:spruce_sapling":77,"minecraft:stone_axe":112,"minecraft:cobblestone":505,"minecraft:cobbled_deepslate_slab":80,"minecraft:white_banner":2,"minecraft:cooked_porkchop":50,"minecraft:bucket":575,"minecraft:glass_pane":851,"minecraft:kelp":36,"minecraft:dandelion":1,"minecraft:diamond_leggings":2,"minecraft:smooth_stone":1},"minecraft:custom":{"minecraft:animals_bred":228,"minecraft:interact_with_crafting_table":377,"minecraft:bell_ring":5,"minecraft:leave_game":23,"minecraft:time_since_death":90319,"minecraft:sprint_one_cm":7162916,"minecraft:damage_blocked_by_shield":465,"minecraft:drop":619,"minecraft:talked_to_villager":4,"minecraft:play_time":2226677,"minecraft:deaths":32,"minecraft:jump":45202,"minecraft:interact_with_brewingstand":1,"minecraft:walk_on_water_one_cm":194214,"minecraft:enchant_item":54,"minecraft:interact_with_furnace":238,"minecraft:sleep_in_bed":27,"minecraft:damage_dealt":98622,"minecraft:player_kills":19,"minecraft:crouch_one_cm":489862,"minecraft:interact_with_smoker":107,"minecraft:inspect_dispenser":12,"minecraft:interact_with_smithing_table":7,"minecraft:interact_with_anvil":57,"minecraft:mob_kills":1008,"minecraft:inspect_hopper":7,"minecraft:climb_one_cm":162157,"minecraft:walk_one_cm":4643682,"minecraft:sneak_time":156235,"minecraft:walk_under_water_one_cm":128798,"minecraft:boat_one_cm":198487,"minecraft:interact_with_blast_furnace":101,"minecraft:total_world_time":2226677,"minecraft:raid_trigger":1,"minecraft:time_since_rest":90346,"minecraft:damage_taken":35448,"minecraft:swim_one_cm":253000,"minecraft:fly_one_cm":8194580,"minecraft:open_chest":1353,"minecraft:fall_one_cm":1250312},"minecraft:dropped":{"minecraft:birch_planks":9,"minecraft:diamond_axe":2,"minecraft:lapis_lazuli":31,"minecraft:cooked_beef":162,"minecraft:oak_log":154,"minecraft:baked_potato":51,"minecraft:diamond":189,"minecraft:crafting_table":2,"minecraft:crossbow":2,"minecraft:lantern":184,"minecraft:leather":1,"minecraft:chest_minecart":1,"minecraft:jungle_planks":4,"minecraft:saddle":1,"minecraft:cobblestone_stairs":48,"minecraft:flint":13,"minecraft:dirt":2728,"minecraft:grass":9,"minecraft:stone_button":1,"minecraft:crimson_roots":17,"minecraft:jungle_sapling":7,"minecraft:gold_nugget":576,"minecraft:bone_meal":115,"minecraft:sand":22,"minecraft:polished_blackstone_bricks":3,"minecraft:iron_pickaxe":2,"minecraft:acacia_door":2,"minecraft:bone":6,"minecraft:gravel":3,"minecraft:crimson_fungus":1,"minecraft:stone_axe":2,"minecraft:cooked_chicken":46,"minecraft:iron_nugget":6,"minecraft:cobbled_deepslate":54,"minecraft:nether_brick":1,"minecraft:wheat":3,"minecraft:rotten_flesh":36,"minecraft:fern":7,"minecraft:oak_planks":74,"minecraft:diamond_shovel":4,"minecraft:glowstone_dust":41,"minecraft:quartz_bricks":767,"minecraft:salmon":3,"minecraft:poppy":1,"minecraft:gunpowder":5,"minecraft:quartz_block":222,"minecraft:hopper":1,"minecraft:jungle_log":21,"minecraft:acacia_sapling":3,"minecraft:chest":1,"minecraft:spruce_slab":10,"minecraft:arrow":50,"minecraft:glass":68,"minecraft:quartz":75,"minecraft:oak_leaves":535,"minecraft:netherrack":377,"minecraft:enchanting_table":1,"minecraft:egg":6,"minecraft:water_bucket":2,"minecraft:iron_ingot":290,"minecraft:bread":48,"minecraft:oak_slab":1,"minecraft:netherite_pickaxe":4,"minecraft:wheat_seeds":3565,"minecraft:mossy_cobblestone":4,"minecraft:lead":5,"minecraft:poisonous_potato":4,"minecraft:cobblestone":1974,"minecraft:feather":17,"minecraft:oak_fence":3,"minecraft:iron_helmet":1,"minecraft:apple":2,"minecraft:granite":10,"minecraft:tropical_fish":3,"minecraft:acacia_log":48,"minecraft:coal":1472,"minecraft:pufferfish":2,"minecraft:stick":63,"minecraft:golden_carrot":122,"minecraft:diorite":60,"minecraft:torch":70,"minecraft:iron_leggings":1,"minecraft:iron_axe":1,"minecraft:iron_shovel":1,"minecraft:paper":14,"minecraft:string":9,"minecraft:bucket":6,"minecraft:acacia_planks":34,"minecraft:spruce_sapling":55,"minecraft:redstone_block":128,"minecraft:dandelion":1,"minecraft:redstone":21,"minecraft:kelp":43,"minecraft:stone_sword":1,"minecraft:raw_copper":245,"minecraft:tuff":18,"minecraft:raw_iron":19,"minecraft:iron_boots":2,"minecraft:cobbled_deepslate_slab":61,"minecraft:shears":1,"minecraft:glass_pane":1,"minecraft:diamond_sword":4,"minecraft:hay_block":30,"minecraft:stone":25,"minecraft:oak_button":1,"minecraft:diamond_chestplate":1,"minecraft:spruce_planks":91,"minecraft:diamond_pickaxe":14,"minecraft:iron_chestplate":1,"minecraft:andesite":23,"minecraft:oak_sapling":35,"minecraft:golden_sword":1,"minecraft:redstone_torch":1,"minecraft:slime_ball":14,"minecraft:spider_eye":1,"minecraft:bamboo":2,"minecraft:spruce_log":19,"minecraft:diamond_boots":1,"minecraft:sandstone":179,"minecraft:bow":2,"minecraft:stone_pickaxe":5,"minecraft:wooden_pickaxe":3}},"DataVersion":3465}