{"stats":{"minecraft:used":{"minecraft:stone_sword":10,"minecraft:iron_shovel":268,"minecraft:acacia_log":6,"minecraft:tropical_fish":8,"minecraft:chest":2,"minecraft:spruce_planks":3,"minecraft:shield":24,"minecraft:cooked_salmon":2,"minecraft:cooked_chicken":19,"minecraft:iron_chestplate":1,"minecraft:torch":68,"minecraft:dirt":928,"minecraft:acacia_sapling":2,"minecraft:tuff":40,"minecraft:granite":14,"minecraft:polished_diorite":4,"minecraft:dark_oak_planks":1,"minecraft:iron_axe":220,"minecraft:smooth_basalt":3,"minecraft:bow":3,"minecraft:oak_sapling":2,"minecraft:furnace":6,"minecraft:cooked_beef":21,"minecraft:cobbled_deepslate":45,"minecraft:acacia_planks":64,"minecraft:iron_leggings":1,"minecraft:cooked_mutton":13,"minecraft:water_bucket":45,"minecraft:diorite":29,"minecraft:amethyst_block":1,"minecraft:stone_pickaxe":84,"minecraft:wooden_pickaxe":3,"minecraft:salmon":2,"minecraft:crafting_table":11,"minecraft:blast_furnace":1,"minecraft:white_bed":3,"minecraft:smoker":3,"minecraft:diamond_pickaxe":202,"minecraft:diamond_shovel":678,"minecraft:acacia_door":1,"minecraft:dark_oak_log":1,"minecraft:bread":11,"minecraft:melon_slice":2,"minecraft:iron_pickaxe":392,"minecraft:spruce_sapling":2,"minecraft:gravel":3,"minecraft:stone_axe":111,"minecraft:diamond_sword":410,"minecraft:cobblestone":96,"minecraft:cooked_porkchop":9,"minecraft:andesite":13,"minecraft:bucket":46,"minecraft:oak_boat":1,"minecraft:bone_meal":2,"minecraft:smooth_stone":1},"minecraft:broken":{"minecraft:iron_shovel":1,"minecraft:iron_pickaxe":1},"minecraft:killed":{"minecraft:spider":9,"minecraft:pufferfish":1,"minecraft:skeleton":16,"minecraft:chicken":22,"minecraft:tropical_fish":8,"minecraft:pig":12,"minecraft:zombie_villager":1,"minecraft:salmon":6,"minecraft:creeper":3,"minecraft:sheep":6,"minecraft:zombie":40,"minecraft:cow":13},"minecraft:crafted":{"minecraft:oak_planks":4,"minecraft:smooth_stone":4,"minecraft:cooked_chicken":19,"minecraft:furnace":3,"minecraft:blast_furnace":1,"minecraft:stone":5,"minecraft:bone_meal":48,"minecraft:diamond_shovel":1,"minecraft:cooked_mutton":13,"minecraft:bow":1,"minecraft:iron_boots":1,"minecraft:polished_diorite":4,"minecraft:iron_axe":1,"minecraft:stone_pickaxe":2,"minecraft:chest":2,"minecraft:dark_oak_planks":4,"minecraft:wheat":99,"minecraft:cooked_beef":25,"minecraft:diamond_sword":1,"minecraft:cooked_porkchop":25,"minecraft:crafting_table":8,"minecraft:spruce_planks":4,"minecraft:wooden_pickaxe":1,"minecraft:iron_helmet":1,"minecraft:bucket":1,"minecraft:stone_axe":1,"minecraft:bread":33,"minecraft:air":0,"minecraft:oak_boat":1,"minecraft:iron_chestplate":1,"minecraft:diamond_pickaxe":1,"minecraft:shield":1,"minecraft:stick":24,"minecraft:iron_ingot":94,"minecraft:iron_pickaxe":2,"minecraft:stone_sword":2,"minecraft:iron_shovel":1,"minecraft:acacia_door":3,"minecraft:iron_leggings":1,"minecraft:white_bed":2,"minecraft:acacia_planks":176,"minecraft:torch":64},"minecraft:mined":{"minecraft:dark_oak_planks":1,"minecraft:tuff":42,"minecraft:spruce_planks":2,"minecraft:white_bed":1,"minecraft:dark_oak_leaves":1,"minecraft:deepslate_diamond_ore":7,"minecraft:dark_oak_log":53,"minecraft:glow_lichen":1,"minecraft:granite":20,"minecraft:acacia_log":74,"minecraft:grass_block":662,"minecraft:jungle_log":12,"minecraft:spruce_leaves":23,"minecraft:kelp":3,"minecraft:sandstone":1,"minecraft:hay_block":42,"minecraft:tall_seagrass":2,"minecraft:spruce_sapling":1,"minecraft:furnace":6,"minecraft:iron_ore":28,"minecraft:cobbled_deepslate":2,"minecraft:andesite":7,"minecraft:deepslate_lapis_ore":2,"minecraft:vine":4,"minecraft:deepslate_iron_ore":64,"minecraft:bamboo":2,"minecraft:stone":179,"minecraft:acacia_leaves":7,"minecraft:kelp_plant":4,"minecraft:smoker":3,"minecraft:crafting_table":9,"minecraft:torch":8,"minecraft:blast_furnace":1,"minecraft:melon":1,"minecraft:tall_grass":60,"minecraft:cobblestone":28,"minecraft:lapis_ore":5,"minecraft:deepslate_gold_ore":10,"minecraft:oak_planks":26,"minecraft:diorite":25,"minecraft:wall_torch":15,"minecraft:amethyst_block":1,"minecraft:spruce_log":64,"minecraft:birch_leaves":1,"minecraft:grass":446,"minecraft:oak_log":18,"minecraft:coal_ore":174,"minecraft:gravel":1,"minecraft:sand":1,"minecraft:dirt":275,"minecraft:smooth_basalt":3,"minecraft:acacia_planks":20,"minecraft:oak_leaves":22,"minecraft:deepslate":56,"minecraft:fern":33},"minecraft:custom":{"minecraft:mob_kills":142,"minecraft:interact_with_crafting_table":80,"minecraft:leave_game":1,"minecraft:time_since_death":207805,"minecraft:climb_one_cm":920,"minecraft:sprint_one_cm":824925,"minecraft:walk_one_cm":393307,"minecraft:damage_blocked_by_shield":465,"minecraft:drop":85,"minecraft:talked_to_villager":2,"minecraft:play_time":262119,"minecraft:deaths":6,"minecraft:sneak_time":30834,"minecraft:walk_under_water_one_cm":27205,"minecraft:boat_one_cm":3912,"minecraft:jump":6960,"minecraft:interact_with_brewingstand":1,"minecraft:interact_with_blast_furnace":16,"minecraft:walk_on_water_one_cm":25905,"minecraft:total_world_time":262119,"minecraft:interact_with_furnace":100,"minecraft:sleep_in_bed":10,"minecraft:time_since_rest":16998,"minecraft:damage_taken":4863,"minecraft:damage_dealt":17932,"minecraft:swim_one_cm":66000,"minecraft:fly_one_cm":1490616,"minecraft:open_chest":25,"minecraft:crouch_one_cm":87871,"minecraft:interact_with_smoker":43,"minecraft:fall_one_cm":205306},"minecraft:killed_by":{"minecraft:creeper":1,"minecraft:pufferfish":1,"minecraft:skeleton":1},"minecraft:dropped":{"minecraft:bread":48,"minecraft:iron_ingot":6,"minecraft:wheat_seeds":80,"minecraft:cooked_beef":6,"minecraft:oak_log":4,"minecraft:feather":15,"minecraft:oak_fence":3,"minecraft:cobblestone":32,"minecraft:chest_minecart":1,"minecraft:leather":1,"minecraft:granite":5,"minecraft:acacia_log":48,"minecraft:stick":4,"minecraft:pufferfish":2,"minecraft:diorite":8,"minecraft:iron_pickaxe":2,"minecraft:acacia_door":2,"minecraft:paper":14,"minecraft:string":2,"minecraft:acacia_planks":34,"minecraft:spruce_sapling":2,"minecraft:gravel":2,"minecraft:stone_axe":2,"minecraft:stone_sword":1,"minecraft:cobbled_deepslate":16,"minecraft:tuff":1,"minecraft:rotten_flesh":23,"minecraft:salmon":3,"minecraft:diamond_sword":1,"minecraft:stone":2,"minecraft:gunpowder":2,"minecraft:diamond_pickaxe":2,"minecraft:acacia_sapling":3,"minecraft:sandstone":1,"minecraft:wooden_pickaxe":3,"minecraft:stone_pickaxe":5},"minecraft:picked_up":{"minecraft:crafting_table":9,"minecraft:iron_chestplate":2,"minecraft:chicken":21,"minecraft:chest_minecart":4,"minecraft:diamond_sword":3,"minecraft:wooden_pickaxe":3,"minecraft:amethyst_block":2,"minecraft:acacia_door":2,"minecraft:string":9,"minecraft:cooked_salmon":2,"minecraft:pufferfish":4,"minecraft:cobbled_deepslate":61,"minecraft:spruce_planks":2,"minecraft:beef":25,"minecraft:iron_pickaxe":4,"minecraft:melon_slice":4,"minecraft:egg":13,"minecraft:furnace":7,"minecraft:stick":26,"minecraft:raw_iron":128,"minecraft:sandstone":2,"minecraft:stone":1,"minecraft:oak_fence":3,"minecraft:torch":63,"minecraft:acacia_log":121,"minecraft:porkchop":25,"minecraft:diorite":40,"minecraft:dark_oak_planks":1,"minecraft:arrow":22,"minecraft:rotten_flesh":29,"minecraft:tropical_fish":8,"minecraft:hay_block":41,"minecraft:mutton":12,"minecraft:cobblestone":256,"minecraft:rail":9,"minecraft:white_wool":6,"minecraft:feather":20,"minecraft:cooked_beef":10,"minecraft:jungle_log":12,"minecraft:andesite":4,"minecraft:salmon":5,"minecraft:leather":16,"minecraft:smoker":3,"minecraft:tuff":41,"minecraft:oak_log":22,"minecraft:gunpowder":2,"minecraft:paper":7,"minecraft:lapis_lazuli":108,"minecraft:dirt":992,"minecraft:bone":17,"minecraft:acacia_planks":21,"minecraft:kelp":78,"minecraft:wheat_seeds":156,"minecraft:raw_gold":14,"minecraft:stone_pickaxe":8,"minecraft:iron_ingot":10,"minecraft:cooked_chicken":2,"minecraft:bamboo":19,"minecraft:acacia_sapling":7,"minecraft:oak_planks":30,"minecraft:smooth_basalt":6,"minecraft:gravel":5,"minecraft:sand":1,"minecraft:spruce_sapling":6,"minecraft:blast_furnace":1,"minecraft:white_bed":1,"minecraft:spruce_log":63,"minecraft:dark_oak_log":53,"minecraft:diamond":7,"minecraft:stone_axe":5,"minecraft:granite":20,"minecraft:bread":26,"minecraft:oak_sapling":17,"minecraft:coal":308,"minecraft:diamond_pickaxe":2}},"DataVersion":3465}