{"stats":{"minecraft:used":{"minecraft:spruce_slab":501,"minecraft:dispenser":2,"minecraft:ladder":14,"minecraft:chest":89,"minecraft:stone":10,"minecraft:quartz_stairs":461,"minecraft:soul_sand":11,"minecraft:acacia_sapling":2,"minecraft:acacia_button":1,"minecraft:stripped_spruce_log":120,"minecraft:spruce_boat":1,"minecraft:jungle_sapling":1,"minecraft:lava_bucket":1,"minecraft:grass_block":40,"minecraft:quartz_block":1192,"minecraft:bow":452,"minecraft:furnace":54,"minecraft:oak_sapling":4,"minecraft:egg":167,"minecraft:potato":287,"minecraft:diorite":41,"minecraft:powered_rail":59,"minecraft:blackstone":1,"minecraft:wooden_pickaxe":3,"minecraft:oak_leaves":2202,"minecraft:glow_berries":8,"minecraft:sand":15,"minecraft:blast_furnace":19,"minecraft:stone_button":1,"minecraft:diamond_sword":1507,"minecraft:smithing_table":1,"minecraft:oak_boat":3,"minecraft:enchanting_table":5,"minecraft:stone_sword":10,"minecraft:acacia_log":6,"minecraft:cooked_salmon":2,"minecraft:netherrack":479,"minecraft:torch":860,"minecraft:anvil":2,"minecraft:oak_fence_gate":10,"minecraft:polished_diorite":4,"minecraft:shroomlight":3,"minecraft:chipped_anvil":2,"minecraft:iron_axe":485,"minecraft:spruce_button":16,"minecraft:jungle_log":3,"minecraft:smooth_basalt":3,"minecraft:bamboo":72,"minecraft:diamond_chestplate":2,"minecraft:basalt":2,"minecraft:glowstone":94,"minecraft:acacia_planks":70,"minecraft:cobbled_deepslate":807,"minecraft:wheat_seeds":370,"minecraft:water_bucket":566,"minecraft:spruce_fence_gate":2,"minecraft:polished_blackstone_bricks":19,"minecraft:salmon":2,"minecraft:mossy_cobblestone":7,"minecraft:rail":178,"minecraft:oak_slab":23,"minecraft:crafting_table":45,"minecraft:white_bed":4,"minecraft:spruce_log":872,"minecraft:oak_log":73,"minecraft:diamond_pickaxe":7926,"minecraft:diamond_shovel":21554,"minecraft:iron_pickaxe":392,"minecraft:spruce_pressure_plate":4,"minecraft:spruce_sapling":77,"minecraft:cobblestone":550,"minecraft:cooked_porkchop":50,"minecraft:glass_pane":851,"minecraft:kelp":40,"minecraft:dandelion":1,"minecraft:diamond_leggings":2,"minecraft:iron_shovel":268,"minecraft:shield":24,"minecraft:iron_chestplate":1,"minecraft:jungle_planks":2,"minecraft:carrot":1,"minecraft:furnace_minecart":3,"minecraft:tuff":42,"minecraft:axolotl_bucket":11,"minecraft:obsidian":16,"minecraft:glass":111,"minecraft:quartz_slab":84,"minecraft:lantern":177,"minecraft:hopper_minecart":16,"minecraft:repeater":10,"minecraft:magma_block":8,"minecraft:scaffolding":58,"minecraft:diamond_boots":3,"minecraft:dropper":2,"minecraft:stone_pickaxe":84,"minecraft:oak_planks":41,"minecraft:ender_pearl":1,"minecraft:sandstone":10,"minecraft:diamond_axe":3755,"minecraft:sugar_cane":65,"minecraft:crossbow":10,"minecraft:lingering_potion":1,"minecraft:shears":364,"minecraft:redstone_torch":19,"minecraft:lever":11,"minecraft:acacia_door":1,"minecraft:dark_oak_log":5,"minecraft:bread":69,"minecraft:melon_slice":2,"minecraft:string":2,"minecraft:gravel":3,"minecraft:andesite":16,"minecraft:tropical_fish_bucket":4,"minecraft:bone_meal":571,"minecraft:netherite_sword":483,"minecraft:flint_and_steel":68,"minecraft:tropical_fish":8,"minecraft:redstone":38,"minecraft:spruce_planks":3238,"minecraft:cooked_chicken":42,"minecraft:dirt":15589,"minecraft:hopper":78,"minecraft:spruce_stairs":52,"minecraft:diamond_helmet":1,"minecraft:salmon_bucket":1,"minecraft:spruce_fence":42,"minecraft:granite":19,"minecraft:iron_hoe":172,"minecraft:dark_oak_planks":106,"minecraft:bookshelf":31,"minecraft:polished_blackstone_brick_stairs":1,"minecraft:golden_carrot":76,"minecraft:minecart":2,"minecraft:netherite_pickaxe":9372,"minecraft:cooked_beef":144,"minecraft:iron_leggings":1,"minecraft:quartz_bricks":2,"minecraft:cooked_mutton":15,"minecraft:amethyst_block":1,"minecraft:cobblestone_stairs":49,"minecraft:baked_potato":320,"minecraft:smoker":5,"minecraft:dark_oak_door":12,"minecraft:apple":3,"minecraft:command_block":1,"minecraft:cracked_polished_blackstone_bricks":11,"minecraft:stone_slab":25,"minecraft:stone_axe":112,"minecraft:cobbled_deepslate_slab":80,"minecraft:white_banner":2,"minecraft:bucket":588,"minecraft:smooth_stone":1},"minecraft:broken":{"minecraft:diamond_helmet":1,"minecraft:iron_boots":1,"minecraft:bow":1,"minecraft:diamond_leggings":1,"minecraft:iron_axe":1,"minecraft:iron_pickaxe":1,"minecraft:iron_helmet":1,"minecraft:iron_shovel":1,"minecraft:flint_and_steel":1},"minecraft:killed":{"minecraft:pufferfish":1,"minecraft:skeleton":623,"minecraft:chicken":29,"minecraft:tropical_fish":8,"minecraft:magma_cube":17,"minecraft:salmon":7,"minecraft:pillager":5,"minecraft:zombie":94,"minecraft:cow":68,"minecraft:enderman":2,"minecraft:zombified_piglin":2,"minecraft:witch":1,"minecraft:spider":33,"minecraft:piglin_brute":9,"minecraft:piglin":33,"minecraft:pig":12,"minecraft:zombie_villager":1,"minecraft:strider":3,"minecraft:creeper":6,"minecraft:sheep":9,"minecraft:ghast":1,"minecraft:phantom":7,"minecraft:drowned":1,"minecraft:hoglin":8},"minecraft:crafted":{"minecraft:jungle_button":4,"minecraft:smooth_stone":4,"minecraft:lever":4,"minecraft:diamond_shovel":2,"minecraft:bookshelf":31,"minecraft:cooked_mutton":14,"minecraft:glass":420,"minecraft:quartz_block":2911,"minecraft:diamond_helmet":1,"minecraft:repeater":3,"minecraft:diamond_leggings":2,"minecraft:furnace_minecart":1,"minecraft:cooked_porkchop":25,"minecraft:diamond_axe":2,"minecraft:smithing_table":1,"minecraft:stone_slab":24,"minecraft:iron_pickaxe":2,"minecraft:iron_block":3,"minecraft:acacia_door":3,"minecraft:gold_ingot":52,"minecraft:sandstone":99,"minecraft:netherite_ingot":1,"minecraft:spruce_fence_gate":2,"minecraft:iron_nugget":325,"minecraft:bone_meal":732,"minecraft:spruce_fence":48,"minecraft:lantern":39,"minecraft:spruce_stairs":32,"minecraft:polished_diorite":4,"minecraft:ladder":12,"minecraft:spruce_slab":312,"minecraft:stone_pickaxe":2,"minecraft:diamond_boots":2,"minecraft:quartz_slab":96,"minecraft:spruce_boat":2,"minecraft:dark_oak_planks":152,"minecraft:lead":4,"minecraft:wheat":369,"minecraft:netherite_pickaxe":1,"minecraft:enchanting_table":1,"minecraft:glowstone":67,"minecraft:oak_fence_gate":8,"minecraft:iron_shovel":1,"minecraft:iron_leggings":1,"minecraft:white_bed":2,"minecraft:oak_planks":504,"minecraft:quartz_bricks":640,"minecraft:cooked_chicken":21,"minecraft:cobblestone_stairs":68,"minecraft:stone":36,"minecraft:spruce_pressure_plate":6,"minecraft:dark_oak_door":9,"minecraft:hopper":39,"minecraft:bow":39,"minecraft:iron_boots":2,"minecraft:chest":105,"minecraft:oak_button":1,"minecraft:rail":80,"minecraft:smoker":1,"minecraft:dropper":1,"minecraft:quartz_stairs":352,"minecraft:oak_slab":18,"minecraft:crafting_table":29,"minecraft:spruce_planks":3703,"minecraft:iron_helmet":2,"minecraft:baked_potato":444,"minecraft:wooden_pickaxe":1,"minecraft:hopper_minecart":3,"minecraft:birch_planks":12,"minecraft:acacia_button":1,"minecraft:dispenser":1,"minecraft:book":31,"minecraft:iron_chestplate":1,"minecraft:paper":93,"minecraft:diamond_pickaxe":20,"minecraft:shield":1,"minecraft:stick":350,"minecraft:iron_ingot":240,"minecraft:stone_sword":2,"minecraft:redstone_torch":8,"minecraft:shears":2,"minecraft:cobbled_deepslate_slab":76,"minecraft:netherite_sword":1,"minecraft:spruce_button":7,"minecraft:furnace":41,"minecraft:blast_furnace":1,"minecraft:glass_pane":864,"minecraft:flint_and_steel":2,"minecraft:scaffolding":36,"minecraft:iron_axe":2,"minecraft:iron_hoe":1,"minecraft:netherite_scrap":4,"minecraft:minecart":5,"minecraft:cooked_beef":123,"minecraft:crimson_planks":8,"minecraft:diamond_sword":7,"minecraft:powered_rail":12,"minecraft:cooked_salmon":1,"minecraft:bucket":8,"minecraft:stone_axe":2,"minecraft:bread":110,"minecraft:air":0,"minecraft:jungle_planks":124,"minecraft:oak_boat":2,"minecraft:anvil":1,"minecraft:acacia_planks":320,"minecraft:torch":572,"minecraft:diamond_chestplate":1},"minecraft:mined":{"minecraft:dark_oak_planks":10,"minecraft:white_bed":2,"minecraft:jungle_leaves":13,"minecraft:obsidian":23,"minecraft:granite":29,"minecraft:acacia_log":75,"minecraft:jungle_log":118,"minecraft:hopper":44,"minecraft:crimson_fungus":1,"minecraft:polished_blackstone_bricks":21,"minecraft:weeping_vines_plant":1,"minecraft:tall_seagrass":8,"minecraft:magma_block":38,"minecraft:cobbled_deepslate":205,"minecraft:sticky_piston":3,"minecraft:fire":103,"minecraft:deepslate_lapis_ore":30,"minecraft:enchanting_table":4,"minecraft:dirt_path":24,"minecraft:quartz_slab":6,"minecraft:white_banner":1,"minecraft:tripwire":4,"minecraft:kelp_plant":10,"minecraft:smoker":4,"minecraft:crimson_nylium":42,"minecraft:torch":284,"minecraft:blast_furnace":13,"minecraft:melon":1,"minecraft:glass":30,"minecraft:sugar_cane":227,"minecraft:amethyst_block":1,"minecraft:repeater":7,"minecraft:wheat":284,"minecraft:lilac":2,"minecraft:grass":1259,"minecraft:oak_fence_gate":2,"minecraft:smooth_basalt":3,"minecraft:deepslate":866,"minecraft:mossy_cobblestone":64,"minecraft:dark_oak_log":60,"minecraft:cobbled_deepslate_slab":33,"minecraft:spruce_fence":10,"minecraft:jungle_planks":2,"minecraft:crimson_roots":11,"minecraft:redstone_wire":31,"minecraft:kelp":45,"minecraft:redstone_ore":4,"minecraft:andesite":49,"minecraft:potatoes":236,"minecraft:vine":53,"minecraft:rail":128,"minecraft:bamboo_sapling":5,"minecraft:bamboo":187,"minecraft:oak_slab":9,"minecraft:glass_pane":44,"minecraft:soul_sand":42,"minecraft:dandelion":4,"minecraft:spruce_button":9,"minecraft:dropper":2,"minecraft:tall_grass":140,"minecraft:copper_ore":20,"minecraft:deepslate_gold_ore":38,"minecraft:diorite":50,"minecraft:big_dripleaf":1,"minecraft:spruce_log":1472,"minecraft:birch_leaves":3,"minecraft:gravel":69,"minecraft:acacia_planks":23,"minecraft:chipped_anvil":2,"minecraft:gold_ore":7,"minecraft:fern":128,"minecraft:spruce_planks":873,"minecraft:farmland":10,"minecraft:cobblestone_stairs":43,"minecraft:grass_block":11139,"minecraft:cracked_polished_blackstone_bricks":12,"minecraft:soul_soil":15,"minecraft:glowstone":103,"minecraft:iron_ore":73,"minecraft:anvil":1,"minecraft:flowering_azalea_leaves":1,"minecraft:spruce_slab":201,"minecraft:deepslate_redstone_ore":42,"minecraft:quartz_block":591,"minecraft:blackstone":11,"minecraft:clay":1,"minecraft:poppy":7,"minecraft:chest":24,"minecraft:nether_quartz_ore":607,"minecraft:cobblestone":306,"minecraft:oak_planks":66,"minecraft:wall_torch":176,"minecraft:deepslate_copper_ore":9,"minecraft:seagrass":6,"minecraft:powered_rail":49,"minecraft:dark_oak_door":3,"minecraft:birch_log":5,"minecraft:oak_log":244,"minecraft:sand":839,"minecraft:dirt":9366,"minecraft:dispenser":1,"minecraft:netherrack":6400,"minecraft:ancient_debris":4,"minecraft:oak_leaves":666,"minecraft:nether_gold_ore":18,"minecraft:tuff":72,"minecraft:quartz_stairs":115,"minecraft:dark_oak_leaves":1,"minecraft:deepslate_diamond_ore":44,"minecraft:glow_lichen":1,"minecraft:lever":5,"minecraft:ladder":6,"minecraft:weeping_vines":1,"minecraft:spruce_leaves":57,"minecraft:sandstone":33,"minecraft:crimson_stem":2,"minecraft:hay_block":42,"minecraft:spruce_sapling":14,"minecraft:furnace":39,"minecraft:carrots":1,"minecraft:stripped_spruce_log":107,"minecraft:gold_block":18,"minecraft:bookshelf":4,"minecraft:deepslate_iron_ore":147,"minecraft:shroomlight":7,"minecraft:lantern":33,"minecraft:stone":6652,"minecraft:podzol":95,"minecraft:acacia_leaves":7,"minecraft:scaffolding":19,"minecraft:basalt":2,"minecraft:crafting_table":26,"minecraft:stone_slab":16,"minecraft:quartz_bricks":1,"minecraft:lapis_ore":6,"minecraft:polished_blackstone_brick_stairs":1,"minecraft:spruce_stairs":34,"minecraft:birch_planks":13,"minecraft:redstone_torch":19,"minecraft:coal_ore":522},"minecraft:custom":{"minecraft:interact_with_crafting_table":432,"minecraft:bell_ring":5,"minecraft:leave_game":27,"minecraft:time_since_death":113389,"minecraft:damage_blocked_by_shield":465,"minecraft:play_time":2421106,"minecraft:deaths":35,"minecraft:jump":48092,"minecraft:enchant_item":54,"minecraft:interact_with_furnace":259,"minecraft:sleep_in_bed":28,"minecraft:damage_dealt":98919,"minecraft:interact_with_smoker":119,"minecraft:inspect_dispenser":12,"minecraft:interact_with_smithing_table":7,"minecraft:inspect_dropper":12,"minecraft:interact_with_anvil":57,"minecraft:inspect_hopper":85,"minecraft:sneak_time":169044,"minecraft:interact_with_blast_furnace":165,"minecraft:total_world_time":2421106,"minecraft:time_since_rest":113421,"minecraft:swim_one_cm":257031,"minecraft:fly_one_cm":8646608,"minecraft:open_chest":1714,"minecraft:fall_one_cm":1327030,"minecraft:animals_bred":229,"minecraft:sprint_one_cm":7622328,"minecraft:drop":670,"minecraft:talked_to_villager":4,"minecraft:interact_with_brewingstand":1,"minecraft:walk_on_water_one_cm":197835,"minecraft:player_kills":20,"minecraft:crouch_one_cm":528726,"minecraft:mob_kills":1009,"minecraft:climb_one_cm":166136,"minecraft:walk_one_cm":5076751,"minecraft:walk_under_water_one_cm":133979,"minecraft:boat_one_cm":198487,"minecraft:raid_trigger":1,"minecraft:damage_taken":37012},"minecraft:killed_by":{"minecraft:pufferfish":1,"minecraft:zombie":1,"minecraft:creeper":1,"minecraft:player":1,"minecraft:spider":1,"minecraft:skeleton":2},"minecraft:dropped":{"minecraft:lapis_lazuli":31,"minecraft:cooked_beef":162,"minecraft:diamond":189,"minecraft:crafting_table":2,"minecraft:crossbow":2,"minecraft:saddle":1,"minecraft:dirt":3455,"minecraft:grass":9,"minecraft:stone_button":1,"minecraft:jungle_sapling":7,"minecraft:gold_nugget":576,"minecraft:bone_meal":115,"minecraft:phantom_membrane":1,"minecraft:sand":22,"minecraft:iron_pickaxe":2,"minecraft:bone":6,"minecraft:stone_axe":2,"minecraft:lever":1,"minecraft:iron_nugget":6,"minecraft:cooked_chicken":46,"minecraft:cobbled_deepslate":54,"minecraft:nether_brick":1,"minecraft:wheat":3,"minecraft:rotten_flesh":36,"minecraft:oak_planks":74,"minecraft:glowstone_dust":41,"minecraft:quartz_bricks":767,"minecraft:salmon":3,"minecraft:quartz_block":222,"minecraft:jungle_log":21,"minecraft:hopper":3,"minecraft:acacia_sapling":3,"minecraft:spruce_slab":10,"minecraft:glass":132,"minecraft:egg":6,"minecraft:iron_ingot":290,"minecraft:netherite_pickaxe":4,"minecraft:wheat_seeds":3565,"minecraft:iron_helmet":1,"minecraft:oak_fence":3,"minecraft:feather":17,"minecraft:cobblestone":2166,"minecraft:apple":2,"minecraft:granite":10,"minecraft:spruce_button":6,"minecraft:coal":1472,"minecraft:pufferfish":2,"minecraft:golden_carrot":122,"minecraft:paper":14,"minecraft:iron_shovel":1,"minecraft:string":9,"minecraft:acacia_planks":34,"minecraft:spruce_sapling":55,"minecraft:furnace":21,"minecraft:stone_sword":1,"minecraft:iron_boots":2,"minecraft:cobbled_deepslate_slab":61,"minecraft:shears":1,"minecraft:blast_furnace":44,"minecraft:diamond_sword":4,"minecraft:hay_block":30,"minecraft:stone":25,"minecraft:spruce_planks":93,"minecraft:diamond_pickaxe":15,"minecraft:redstone_torch":4,"minecraft:spider_eye":1,"minecraft:bamboo":2,"minecraft:sandstone":179,"minecraft:bow":2,"minecraft:birch_planks":9,"minecraft:diamond_axe":3,"minecraft:oak_log":186,"minecraft:baked_potato":87,"minecraft:lantern":184,"minecraft:leather":1,"minecraft:chest_minecart":1,"minecraft:jungle_planks":4,"minecraft:flint":13,"minecraft:cobblestone_stairs":110,"minecraft:crimson_roots":17,"minecraft:polished_blackstone_bricks":3,"minecraft:acacia_door":2,"minecraft:gravel":3,"minecraft:crimson_fungus":1,"minecraft:fern":7,"minecraft:diamond_shovel":5,"minecraft:poppy":1,"minecraft:gunpowder":5,"minecraft:dropper":2,"minecraft:spruce_pressure_plate":4,"minecraft:chest":3,"minecraft:arrow":51,"minecraft:powered_rail":1,"minecraft:quartz":75,"minecraft:oak_leaves":535,"minecraft:netherrack":377,"minecraft:enchanting_table":1,"minecraft:water_bucket":2,"minecraft:bread":48,"minecraft:oak_slab":1,"minecraft:lilac":1,"minecraft:mossy_cobblestone":4,"minecraft:poisonous_potato":4,"minecraft:lead":5,"minecraft:tropical_fish":3,"minecraft:acacia_log":48,"minecraft:stick":64,"minecraft:diorite":60,"minecraft:torch":70,"minecraft:iron_leggings":1,"minecraft:iron_axe":1,"minecraft:bucket":6,"minecraft:dandelion":2,"minecraft:redstone_block":128,"minecraft:redstone":85,"minecraft:kelp":43,"minecraft:raw_copper":245,"minecraft:tuff":18,"minecraft:raw_iron":19,"minecraft:glass_pane":1,"minecraft:oak_button":1,"minecraft:diamond_chestplate":1,"minecraft:iron_chestplate":1,"minecraft:andesite":23,"minecraft:oak_sapling":35,"minecraft:golden_sword":1,"minecraft:slime_ball":14,"minecraft:diamond_boots":1,"minecraft:spruce_log":83,"minecraft:wooden_pickaxe":3,"minecraft:stone_pickaxe":5},"minecraft:picked_up":{"minecraft:iron_chestplate":2,"minecraft:anvil":1,"minecraft:stone_slab":16,"minecraft:lead":4,"minecraft:diamond_sword":5,"minecraft:golden_sword":1,"minecraft:amethyst_block":2,"minecraft:polished_blackstone_brick_stairs":1,"minecraft:string":36,"minecraft:soul_soil":15,"minecraft:cooked_salmon":2,"minecraft:pufferfish":4,"minecraft:shroomlight":7,"minecraft:gold_nugget":655,"minecraft:cobbled_deepslate":1004,"minecraft:spruce_planks":1092,"minecraft:hopper_minecart":7,"minecraft:melon_slice":4,"minecraft:dark_oak_door":3,"minecraft:spruce_pressure_plate":4,"minecraft:acacia_log":123,"minecraft:golden_chestplate":1,"minecraft:tropical_fish":15,"minecraft:birch_log":3,"minecraft:furnace_minecart":3,"minecraft:magma_block":36,"minecraft:feather":37,"minecraft:cooked_beef":149,"minecraft:water_bucket":3,"minecraft:jungle_log":99,"minecraft:smoker":4,"minecraft:flint":40,"minecraft:lantern":322,"minecraft:chipped_anvil":2,"minecraft:glowstone_dust":319,"minecraft:moss_block":12,"minecraft:dropper":4,"minecraft:stripped_spruce_log":136,"minecraft:dark_oak_log":60,"minecraft:quartz_bricks":129,"minecraft:dispenser":1,"minecraft:lever":7,"minecraft:granite":30,"minecraft:spruce_button":20,"minecraft:bread":27,"minecraft:crimson_roots":17,"minecraft:diamond_pickaxe":12,"minecraft:crafting_table":27,"minecraft:acacia_door":2,"minecraft:iron_shovel":1,"minecraft:glass_pane":31,"minecraft:beef":176,"minecraft:jungle_sapling":8,"minecraft:poppy":1,"minecraft:spruce_slab":232,"minecraft:minecart":1,"minecraft:quartz_stairs":114,"minecraft:chest":21,"minecraft:egg":82,"minecraft:sandstone":100,"minecraft:stone":24,"minecraft:spruce_fence":11,"minecraft:carrot":9,"minecraft:redstone":298,"minecraft:netherite_pickaxe":4,"minecraft:hay_block":71,"minecraft:glow_berries":37,"minecraft:mutton":13,"minecraft:white_wool":7,"minecraft:rail":142,"minecraft:fern":7,"minecraft:oak_log":355,"minecraft:ancient_debris":4,"minecraft:paper":7,"minecraft:white_banner":2,"minecraft:apple":5,"minecraft:kelp":188,"minecraft:oak_fence_gate":2,"minecraft:stone_pickaxe":8,"minecraft:smooth_basalt":6,"minecraft:gravel":26,"minecraft:spruce_sapling":181,"minecraft:spruce_log":1703,"minecraft:diamond_shovel":6,"minecraft:stone_axe":5,"minecraft:diamond_axe":4,"minecraft:gray_wool":1,"minecraft:baked_potato":81,"minecraft:hopper":45,"minecraft:ender_pearl":1,"minecraft:wheat":266,"minecraft:nether_brick":1,"minecraft:raw_copper":274,"minecraft:sticky_piston":3,"minecraft:bucket":6,"minecraft:redstone_torch":21,"minecraft:iron_pickaxe":4,"minecraft:furnace":69,"minecraft:iron_boots":1,"minecraft:stick":179,"minecraft:oak_fence":3,"minecraft:torch":597,"minecraft:spruce_stairs":42,"minecraft:porkchop":25,"minecraft:diorite":106,"minecraft:quartz_block":1044,"minecraft:rotten_flesh":81,"minecraft:obsidian":21,"minecraft:cobblestone":4798,"minecraft:enchanting_table":5,"minecraft:lilac":2,"minecraft:repeater":9,"minecraft:andesite":30,"minecraft:potato":731,"minecraft:tuff":87,"minecraft:lapis_lazuli":382,"minecraft:dirt":16412,"minecraft:glass":290,"minecraft:bone":632,"minecraft:acacia_planks":24,"minecraft:bow":59,"minecraft:wheat_seeds":4986,"minecraft:raw_gold":54,"minecraft:cobbled_deepslate_slab":102,"minecraft:bamboo":1297,"minecraft:powered_rail":41,"minecraft:oak_planks":76,"minecraft:cooked_porkchop":25,"minecraft:poisonous_potato":4,"minecraft:jungle_planks":4,"minecraft:sand":856,"minecraft:grass_block":40,"minecraft:mossy_cobblestone":64,"minecraft:diamond":100,"minecraft:cracked_polished_blackstone_bricks":11,"minecraft:crossbow":2,"minecraft:grass":9,"minecraft:bone_meal":51,"minecraft:oak_sapling":88,"minecraft:netherrack":3039,"minecraft:oak_leaves":871,"minecraft:cocoa_beans":3,"minecraft:chicken":24,"minecraft:ladder":6,"minecraft:chest_minecart":4,"minecraft:wooden_pickaxe":3,"minecraft:gold_block":16,"minecraft:iron_axe":1,"minecraft:quartz_slab":7,"minecraft:blackstone":1,"minecraft:oak_boat":3,"minecraft:sugar_cane":286,"minecraft:phantom_membrane":3,"minecraft:raw_iron":708,"minecraft:polished_blackstone_bricks":22,"minecraft:stone_button":1,"minecraft:dark_oak_planks":10,"minecraft:arrow":680,"minecraft:saddle":1,"minecraft:basalt":2,"minecraft:golden_carrot":122,"minecraft:crimson_stem":2,"minecraft:salmon":6,"minecraft:leather":85,"minecraft:birch_planks":9,"minecraft:crimson_fungus":2,"minecraft:gunpowder":8,"minecraft:cobblestone_stairs":140,"minecraft:cooked_mutton":1,"minecraft:iron_ingot":32,"minecraft:cooked_chicken":49,"minecraft:soul_sand":97,"minecraft:acacia_sapling":10,"minecraft:book":12,"minecraft:scaffolding":36,"minecraft:oak_slab":8,"minecraft:dandelion":4,"minecraft:quartz":11118,"minecraft:blast_furnace":27,"minecraft:white_bed":2,"minecraft:spider_eye":2,"minecraft:coal":3738}},"DataVersion":3465}