{"stats":{"minecraft:custom":{"minecraft:animals_bred":153,"minecraft:interact_with_crafting_table":236,"minecraft:leave_game":14,"minecraft:time_since_death":16475,"minecraft:sprint_one_cm":3326620,"minecraft:damage_blocked_by_shield":465,"minecraft:drop":238,"minecraft:talked_to_villager":3,"minecraft:play_time":1112880,"minecraft:deaths":13,"minecraft:jump":22991,"minecraft:interact_with_brewingstand":1,"minecraft:walk_on_water_one_cm":93562,"minecraft:enchant_item":20,"minecraft:interact_with_furnace":197,"minecraft:sleep_in_bed":25,"minecraft:damage_dealt":59143,"minecraft:player_kills":2,"minecraft:crouch_one_cm":278952,"minecraft:interact_with_smoker":100,"minecraft:inspect_dispenser":10,"minecraft:interact_with_anvil":16,"minecraft:mob_kills":473,"minecraft:inspect_hopper":7,"minecraft:climb_one_cm":57698,"minecraft:walk_one_cm":2011884,"minecraft:sneak_time":89732,"minecraft:walk_under_water_one_cm":52345,"minecraft:boat_one_cm":3912,"minecraft:interact_with_blast_furnace":87,"minecraft:total_world_time":1112880,"minecraft:time_since_rest":16502,"minecraft:damage_taken":17383,"minecraft:swim_one_cm":151972,"minecraft:fly_one_cm":4600449,"minecraft:open_chest":659,"minecraft:fall_one_cm":611420},"minecraft:crafted":{"minecraft:jungle_button":4,"minecraft:oak_planks":140,"minecraft:smooth_stone":4,"minecraft:cooked_chicken":21,"minecraft:stone":36,"minecraft:diamond_shovel":1,"minecraft:bookshelf":3,"minecraft:cooked_mutton":14,"minecraft:glass":192,"minecraft:dark_oak_door":9,"minecraft:hopper":4,"minecraft:repeater":3,"minecraft:bow":20,"minecraft:diamond_leggings":1,"minecraft:iron_boots":1,"minecraft:chest":23,"minecraft:cooked_porkchop":25,"minecraft:diamond_axe":1,"minecraft:crafting_table":14,"minecraft:spruce_planks":1476,"minecraft:iron_helmet":1,"minecraft:wooden_pickaxe":1,"minecraft:baked_potato":339,"minecraft:birch_planks":4,"minecraft:acacia_button":1,"minecraft:dispenser":1,"minecraft:iron_chestplate":1,"minecraft:book":9,"minecraft:paper":51,"minecraft:diamond_pickaxe":14,"minecraft:shield":1,"minecraft:stick":95,"minecraft:stone_slab":24,"minecraft:iron_ingot":199,"minecraft:iron_pickaxe":2,"minecraft:iron_block":3,"minecraft:stone_sword":2,"minecraft:acacia_door":3,"minecraft:gold_ingot":6,"minecraft:redstone_torch":7,"minecraft:spruce_fence_gate":2,"minecraft:shears":1,"minecraft:cobbled_deepslate_slab":76,"minecraft:iron_nugget":63,"minecraft:spruce_button":1,"minecraft:furnace":5,"minecraft:blast_furnace":1,"minecraft:bone_meal":600,"minecraft:spruce_fence":42,"minecraft:glass_pane":432,"minecraft:scaffolding":36,"minecraft:lantern":7,"minecraft:polished_diorite":4,"minecraft:iron_axe":2,"minecraft:ladder":12,"minecraft:iron_hoe":1,"minecraft:spruce_slab":60,"minecraft:stone_pickaxe":2,"minecraft:dark_oak_planks":152,"minecraft:wheat":369,"minecraft:cooked_beef":84,"minecraft:diamond_sword":4,"minecraft:enchanting_table":1,"minecraft:cooked_salmon":1,"minecraft:bucket":3,"minecraft:stone_axe":2,"minecraft:bread":101,"minecraft:air":0,"minecraft:jungle_planks":56,"minecraft:oak_boat":1,"minecraft:iron_shovel":1,"minecraft:iron_leggings":1,"minecraft:anvil":1,"minecraft:white_bed":2,"minecraft:acacia_planks":180,"minecraft:torch":144,"minecraft:diamond_chestplate":1},"minecraft:mined":{"minecraft:dark_oak_planks":10,"minecraft:spruce_planks":366,"minecraft:white_bed":2,"minecraft:farmland":10,"minecraft:jungle_leaves":1,"minecraft:obsidian":5,"minecraft:granite":26,"minecraft:acacia_log":75,"minecraft:grass_block":1643,"minecraft:jungle_log":14,"minecraft:hopper":1,"minecraft:tall_seagrass":4,"minecraft:iron_ore":65,"minecraft:cobbled_deepslate":112,"minecraft:fire":55,"minecraft:deepslate_lapis_ore":30,"minecraft:anvil":1,"minecraft:enchanting_table":4,"minecraft:flowering_azalea_leaves":1,"minecraft:dirt_path":3,"minecraft:spruce_slab":32,"minecraft:deepslate_redstone_ore":24,"minecraft:crimson_nylium":4,"minecraft:kelp_plant":4,"minecraft:smoker":4,"minecraft:clay":1,"minecraft:torch":74,"minecraft:blast_furnace":2,"minecraft:poppy":1,"minecraft:melon":1,"minecraft:chest":2,"minecraft:nether_quartz_ore":5,"minecraft:glass":9,"minecraft:cobblestone":184,"minecraft:sugar_cane":227,"minecraft:oak_planks":27,"minecraft:wall_torch":77,"minecraft:amethyst_block":1,"minecraft:seagrass":6,"minecraft:repeater":6,"minecraft:dark_oak_door":1,"minecraft:birch_log":1,"minecraft:wheat":253,"minecraft:lilac":2,"minecraft:grass":635,"minecraft:oak_log":52,"minecraft:sand":174,"minecraft:dirt":569,"minecraft:smooth_basalt":3,"minecraft:dispenser":1,"minecraft:netherrack":7,"minecraft:oak_leaves":155,"minecraft:deepslate":727,"minecraft:tuff":68,"minecraft:mossy_cobblestone":53,"minecraft:dark_oak_leaves":1,"minecraft:deepslate_diamond_ore":44,"minecraft:dark_oak_log":60,"minecraft:ladder":6,"minecraft:glow_lichen":1,"minecraft:cobbled_deepslate_slab":32,"minecraft:spruce_fence":8,"minecraft:jungle_planks":1,"minecraft:crimson_roots":1,"minecraft:redstone_wire":26,"minecraft:spruce_leaves":55,"minecraft:kelp":3,"minecraft:sandstone":1,"minecraft:hay_block":42,"minecraft:redstone_ore":4,"minecraft:spruce_sapling":14,"minecraft:furnace":6,"minecraft:andesite":13,"minecraft:stripped_spruce_log":79,"minecraft:bookshelf":1,"minecraft:potatoes":236,"minecraft:deepslate_iron_ore":141,"minecraft:vine":4,"minecraft:bamboo":25,"minecraft:stone":480,"minecraft:podzol":14,"minecraft:acacia_leaves":7,"minecraft:scaffolding":12,"minecraft:glass_pane":12,"minecraft:dandelion":2,"minecraft:crafting_table":14,"minecraft:spruce_button":1,"minecraft:stone_slab":10,"minecraft:tall_grass":80,"minecraft:lapis_ore":5,"minecraft:deepslate_gold_ore":24,"minecraft:big_dripleaf":1,"minecraft:diorite":27,"minecraft:redstone_torch":15,"minecraft:spruce_log":988,"minecraft:birch_leaves":1,"minecraft:coal_ore":322,"minecraft:gravel":21,"minecraft:acacia_planks":23,"minecraft:gold_ore":6,"minecraft:chipped_anvil":1,"minecraft:fern":45},"minecraft:broken":{"minecraft:iron_shovel":1,"minecraft:iron_boots":1,"minecraft:iron_axe":1,"minecraft:iron_pickaxe":1,"minecraft:iron_helmet":1},"minecraft:dropped":{"minecraft:diamond_axe":2,"minecraft:lapis_lazuli":26,"minecraft:cooked_beef":134,"minecraft:oak_log":22,"minecraft:baked_potato":17,"minecraft:diamond":133,"minecraft:crossbow":1,"minecraft:leather":1,"minecraft:chest_minecart":1,"minecraft:jungle_planks":4,"minecraft:saddle":1,"minecraft:dirt":135,"minecraft:grass":7,"minecraft:bone_meal":65,"minecraft:iron_pickaxe":2,"minecraft:acacia_door":2,"minecraft:gravel":2,"minecraft:stone_axe":2,"minecraft:cobbled_deepslate":54,"minecraft:wheat":2,"minecraft:rotten_flesh":29,"minecraft:fern":7,"minecraft:oak_planks":4,"minecraft:salmon":3,"minecraft:poppy":1,"minecraft:gunpowder":2,"minecraft:hopper":1,"minecraft:acacia_sapling":3,"minecraft:chest":1,"minecraft:spruce_slab":4,"minecraft:arrow":4,"minecraft:glass":4,"minecraft:oak_leaves":14,"minecraft:enchanting_table":1,"minecraft:egg":1,"minecraft:water_bucket":2,"minecraft:iron_ingot":289,"minecraft:bread":48,"minecraft:wheat_seeds":87,"minecraft:poisonous_potato":4,"minecraft:cobblestone":47,"minecraft:feather":15,"minecraft:oak_fence":3,"minecraft:granite":9,"minecraft:acacia_log":48,"minecraft:coal":880,"minecraft:stick":24,"minecraft:pufferfish":2,"minecraft:diorite":9,"minecraft:iron_leggings":1,"minecraft:iron_axe":1,"minecraft:paper":14,"minecraft:string":2,"minecraft:bucket":4,"minecraft:acacia_planks":34,"minecraft:spruce_sapling":28,"minecraft:redstone_block":128,"minecraft:redstone":21,"minecraft:stone_sword":1,"minecraft:tuff":18,"minecraft:raw_iron":19,"minecraft:cobbled_deepslate_slab":61,"minecraft:diamond_sword":2,"minecraft:hay_block":30,"minecraft:stone":25,"minecraft:spruce_planks":6,"minecraft:andesite":6,"minecraft:diamond_pickaxe":9,"minecraft:iron_chestplate":1,"minecraft:oak_sapling":3,"minecraft:redstone_torch":1,"minecraft:spruce_log":1,"minecraft:sandstone":1,"minecraft:stone_pickaxe":5,"minecraft:wooden_pickaxe":3},"minecraft:picked_up":{"minecraft:iron_chestplate":2,"minecraft:wheat":234,"minecraft:anvil":1,"minecraft:stone_slab":10,"minecraft:diamond_sword":3,"minecraft:amethyst_block":2,"minecraft:string":21,"minecraft:cooked_salmon":2,"minecraft:pufferfish":4,"minecraft:cobbled_deepslate":785,"minecraft:bucket":4,"minecraft:spruce_planks":392,"minecraft:redstone_torch":16,"minecraft:iron_pickaxe":4,"minecraft:melon_slice":4,"minecraft:furnace":7,"minecraft:dark_oak_door":1,"minecraft:stick":108,"minecraft:oak_fence":3,"minecraft:torch":208,"minecraft:acacia_log":123,"minecraft:porkchop":25,"minecraft:diorite":42,"minecraft:golden_chestplate":1,"minecraft:rotten_flesh":59,"minecraft:tropical_fish":12,"minecraft:obsidian":4,"minecraft:cobblestone":703,"minecraft:enchanting_table":5,"minecraft:birch_log":1,"minecraft:lilac":1,"minecraft:feather":21,"minecraft:cooked_beef":99,"minecraft:repeater":7,"minecraft:water_bucket":3,"minecraft:andesite":10,"minecraft:jungle_log":15,"minecraft:smoker":4,"minecraft:potato":731,"minecraft:flint":1,"minecraft:tuff":83,"minecraft:lapis_lazuli":294,"minecraft:dirt":2351,"minecraft:bone":295,"minecraft:glass":4,"minecraft:chipped_anvil":1,"minecraft:acacia_planks":24,"minecraft:bow":26,"minecraft:wheat_seeds":787,"minecraft:raw_gold":34,"minecraft:cobbled_deepslate_slab":101,"minecraft:bamboo":273,"minecraft:moss_block":12,"minecraft:oak_planks":37,"minecraft:poisonous_potato":4,"minecraft:sand":199,"minecraft:jungle_planks":3,"minecraft:stripped_spruce_log":112,"minecraft:dark_oak_log":60,"minecraft:mossy_cobblestone":53,"minecraft:dispenser":1,"minecraft:diamond":44,"minecraft:grass":7,"minecraft:crossbow":1,"minecraft:granite":29,"minecraft:bone_meal":1,"minecraft:bread":27,"minecraft:oak_sapling":21,"minecraft:netherrack":9,"minecraft:oak_leaves":123,"minecraft:diamond_pickaxe":7,"minecraft:crafting_table":15,"minecraft:chicken":23,"minecraft:ladder":6,"minecraft:chest_minecart":4,"minecraft:wooden_pickaxe":3,"minecraft:acacia_door":2,"minecraft:iron_axe":1,"minecraft:beef":104,"minecraft:poppy":1,"minecraft:spruce_slab":40,"minecraft:chest":2,"minecraft:sugar_cane":286,"minecraft:phantom_membrane":1,"minecraft:egg":75,"minecraft:raw_iron":252,"minecraft:sandstone":2,"minecraft:stone":24,"minecraft:spruce_fence":8,"minecraft:redstone":203,"minecraft:dark_oak_planks":10,"minecraft:arrow":292,"minecraft:hay_block":71,"minecraft:saddle":1,"minecraft:glow_berries":37,"minecraft:mutton":13,"minecraft:rail":9,"minecraft:white_wool":6,"minecraft:salmon":6,"minecraft:leather":26,"minecraft:fern":7,"minecraft:oak_log":74,"minecraft:gunpowder":2,"minecraft:paper":7,"minecraft:apple":1,"minecraft:kelp":78,"minecraft:iron_ingot":30,"minecraft:stone_pickaxe":8,"minecraft:cooked_chicken":2,"minecraft:acacia_sapling":9,"minecraft:book":3,"minecraft:scaffolding":12,"minecraft:smooth_basalt":6,"minecraft:quartz":5,"minecraft:dandelion":2,"minecraft:gravel":25,"minecraft:spruce_sapling":132,"minecraft:blast_furnace":2,"minecraft:white_bed":2,"minecraft:spruce_log":988,"minecraft:spider_eye":1,"minecraft:stone_axe":5,"minecraft:diamond_axe":2,"minecraft:gray_wool":1,"minecraft:baked_potato":8,"minecraft:coal":520,"minecraft:hopper":2},"minecraft:killed_by":{"minecraft:creeper":1,"minecraft:pufferfish":1,"minecraft:zombie":1,"minecraft:spider":1,"minecraft:skeleton":2},"minecraft:killed":{"minecraft:witch":1,"minecraft:spider":24,"minecraft:pufferfish":1,"minecraft:skeleton":275,"minecraft:chicken":23,"minecraft:tropical_fish":8,"minecraft:piglin":1,"minecraft:pig":12,"minecraft:zombie_villager":1,"minecraft:salmon":7,"minecraft:creeper":4,"minecraft:sheep":7,"minecraft:pillager":3,"minecraft:zombie":74,"minecraft:cow":22,"minecraft:phantom":1,"minecraft:drowned":1},"minecraft:used":{"minecraft:iron_shovel":268,"minecraft:spruce_slab":85,"minecraft:dispenser":2,"minecraft:ladder":14,"minecraft:chest":20,"minecraft:shield":24,"minecraft:stone":10,"minecraft:iron_chestplate":1,"minecraft:jungle_planks":1,"minecraft:acacia_sapling":2,"minecraft:acacia_button":1,"minecraft:tuff":42,"minecraft:axolotl_bucket":4,"minecraft:stripped_spruce_log":97,"minecraft:glass":25,"minecraft:lava_bucket":1,"minecraft:repeater":10,"minecraft:bow":64,"minecraft:scaffolding":44,"minecraft:oak_sapling":2,"minecraft:furnace":8,"minecraft:egg":166,"minecraft:potato":287,"minecraft:diorite":29,"minecraft:oak_planks":2,"minecraft:stone_pickaxe":84,"minecraft:wooden_pickaxe":3,"minecraft:sugar_cane":65,"minecraft:diamond_axe":1864,"minecraft:oak_leaves":44,"minecraft:glow_berries":8,"minecraft:sand":6,"minecraft:blast_furnace":3,"minecraft:crossbow":9,"minecraft:shears":132,"minecraft:redstone_torch":15,"minecraft:dark_oak_log":5,"minecraft:acacia_door":1,"minecraft:melon_slice":2,"minecraft:bread":67,"minecraft:gravel":3,"minecraft:diamond_sword":1125,"minecraft:andesite":13,"minecraft:oak_boat":1,"minecraft:bone_meal":473,"minecraft:enchanting_table":5,"minecraft:stone_sword":10,"minecraft:acacia_log":6,"minecraft:tropical_fish":8,"minecraft:redstone":36,"minecraft:spruce_planks":1714,"minecraft:cooked_salmon":2,"minecraft:cooked_chicken":21,"minecraft:netherrack":6,"minecraft:torch":306,"minecraft:dirt":2799,"minecraft:anvil":2,"minecraft:hopper":5,"minecraft:granite":19,"minecraft:spruce_fence":38,"minecraft:polished_diorite":4,"minecraft:iron_hoe":171,"minecraft:dark_oak_planks":106,"minecraft:chipped_anvil":1,"minecraft:bookshelf":3,"minecraft:iron_axe":485,"minecraft:spruce_button":1,"minecraft:jungle_log":1,"minecraft:smooth_basalt":3,"minecraft:cooked_beef":55,"minecraft:cobbled_deepslate":614,"minecraft:acacia_planks":70,"minecraft:iron_leggings":1,"minecraft:wheat_seeds":341,"minecraft:cooked_mutton":14,"minecraft:water_bucket":385,"minecraft:amethyst_block":1,"minecraft:baked_potato":180,"minecraft:spruce_fence_gate":2,"minecraft:salmon":2,"minecraft:crafting_table":22,"minecraft:white_bed":4,"minecraft:spruce_log":634,"minecraft:dark_oak_door":5,"minecraft:smoker":4,"minecraft:diamond_pickaxe":1997,"minecraft:apple":1,"minecraft:diamond_shovel":2179,"minecraft:iron_pickaxe":392,"minecraft:stone_slab":19,"minecraft:spruce_sapling":65,"minecraft:stone_axe":112,"minecraft:cobblestone":170,"minecraft:cobbled_deepslate_slab":78,"minecraft:cooked_porkchop":25,"minecraft:bucket":392,"minecraft:glass_pane":426,"minecraft:dandelion":1,"minecraft:smooth_stone":1}},"DataVersion":3465}