{"stats":{"minecraft:used":{"minecraft:stone_sword":10,"minecraft:iron_shovel":268,"minecraft:acacia_log":6,"minecraft:tropical_fish":8,"minecraft:chest":4,"minecraft:spruce_planks":51,"minecraft:shield":24,"minecraft:cooked_salmon":2,"minecraft:cooked_chicken":20,"minecraft:iron_chestplate":1,"minecraft:torch":88,"minecraft:dirt":1747,"minecraft:jungle_planks":1,"minecraft:acacia_sapling":2,"minecraft:tuff":40,"minecraft:granite":16,"minecraft:stripped_spruce_log":6,"minecraft:polished_diorite":4,"minecraft:dark_oak_planks":38,"minecraft:iron_axe":485,"minecraft:smooth_basalt":3,"minecraft:bow":3,"minecraft:oak_sapling":2,"minecraft:furnace":8,"minecraft:cooked_beef":27,"minecraft:cobbled_deepslate":45,"minecraft:acacia_planks":64,"minecraft:iron_leggings":1,"minecraft:cooked_mutton":13,"minecraft:water_bucket":108,"minecraft:diorite":29,"minecraft:amethyst_block":1,"minecraft:stone_pickaxe":84,"minecraft:wooden_pickaxe":3,"minecraft:sugar_cane":6,"minecraft:diamond_axe":188,"minecraft:salmon":2,"minecraft:crafting_table":12,"minecraft:blast_furnace":3,"minecraft:white_bed":4,"minecraft:spruce_log":236,"minecraft:smoker":3,"minecraft:diamond_pickaxe":299,"minecraft:diamond_shovel":1092,"minecraft:acacia_door":1,"minecraft:dark_oak_log":5,"minecraft:melon_slice":2,"minecraft:bread":20,"minecraft:iron_pickaxe":392,"minecraft:spruce_sapling":24,"minecraft:gravel":3,"minecraft:stone_axe":111,"minecraft:diamond_sword":416,"minecraft:cobblestone":96,"minecraft:cooked_porkchop":25,"minecraft:andesite":13,"minecraft:bucket":110,"minecraft:oak_boat":1,"minecraft:bone_meal":47,"minecraft:smooth_stone":1},"minecraft:broken":{"minecraft:iron_shovel":1,"minecraft:iron_axe":1,"minecraft:iron_pickaxe":1},"minecraft:killed":{"minecraft:spider":9,"minecraft:pufferfish":1,"minecraft:skeleton":16,"minecraft:chicken":22,"minecraft:tropical_fish":8,"minecraft:pig":12,"minecraft:zombie_villager":1,"minecraft:salmon":6,"minecraft:creeper":3,"minecraft:sheep":6,"minecraft:zombie":41,"minecraft:cow":13},"minecraft:crafted":{"minecraft:smooth_stone":4,"minecraft:oak_planks":4,"minecraft:cooked_chicken":20,"minecraft:furnace":5,"minecraft:blast_furnace":1,"minecraft:stone":5,"minecraft:bone_meal":48,"minecraft:diamond_shovel":1,"minecraft:cooked_mutton":13,"minecraft:glass":98,"minecraft:iron_boots":1,"minecraft:bow":1,"minecraft:polished_diorite":4,"minecraft:iron_axe":2,"minecraft:stone_pickaxe":2,"minecraft:chest":4,"minecraft:dark_oak_planks":40,"minecraft:wheat":99,"minecraft:cooked_beef":25,"minecraft:diamond_sword":1,"minecraft:cooked_porkchop":25,"minecraft:diamond_axe":1,"minecraft:crafting_table":8,"minecraft:spruce_planks":28,"minecraft:wooden_pickaxe":1,"minecraft:iron_helmet":1,"minecraft:bucket":2,"minecraft:stone_axe":1,"minecraft:bread":33,"minecraft:air":0,"minecraft:jungle_planks":20,"minecraft:oak_boat":1,"minecraft:iron_chestplate":1,"minecraft:diamond_pickaxe":1,"minecraft:shield":1,"minecraft:stick":28,"minecraft:iron_ingot":94,"minecraft:iron_pickaxe":2,"minecraft:stone_sword":2,"minecraft:iron_shovel":1,"minecraft:acacia_door":3,"minecraft:iron_leggings":1,"minecraft:white_bed":2,"minecraft:acacia_planks":176,"minecraft:torch":64},"minecraft:mined":{"minecraft:dark_oak_planks":5,"minecraft:tuff":42,"minecraft:spruce_planks":26,"minecraft:white_bed":2,"minecraft:dark_oak_leaves":1,"minecraft:deepslate_diamond_ore":7,"minecraft:dark_oak_log":57,"minecraft:obsidian":4,"minecraft:glow_lichen":1,"minecraft:granite":22,"minecraft:acacia_log":74,"minecraft:grass_block":885,"minecraft:jungle_planks":1,"minecraft:jungle_log":13,"minecraft:spruce_leaves":40,"minecraft:kelp":3,"minecraft:sandstone":1,"minecraft:hay_block":42,"minecraft:tall_seagrass":2,"minecraft:spruce_sapling":9,"minecraft:furnace":6,"minecraft:iron_ore":28,"minecraft:cobbled_deepslate":2,"minecraft:andesite":7,"minecraft:stripped_spruce_log":6,"minecraft:deepslate_lapis_ore":2,"minecraft:deepslate_iron_ore":64,"minecraft:vine":4,"minecraft:bamboo":2,"minecraft:stone":256,"minecraft:podzol":12,"minecraft:acacia_leaves":7,"minecraft:kelp_plant":4,"minecraft:smoker":4,"minecraft:torch":16,"minecraft:crafting_table":9,"minecraft:blast_furnace":2,"minecraft:melon":1,"minecraft:tall_grass":65,"minecraft:cobblestone":39,"minecraft:deepslate_gold_ore":10,"minecraft:lapis_ore":5,"minecraft:oak_planks":26,"minecraft:sugar_cane":8,"minecraft:wall_torch":16,"minecraft:diorite":25,"minecraft:amethyst_block":1,"minecraft:lilac":1,"minecraft:spruce_log":244,"minecraft:birch_leaves":1,"minecraft:grass":537,"minecraft:coal_ore":174,"minecraft:oak_log":18,"minecraft:gravel":1,"minecraft:dirt":358,"minecraft:sand":100,"minecraft:smooth_basalt":3,"minecraft:acacia_planks":20,"minecraft:oak_leaves":27,"minecraft:deepslate":56,"minecraft:fern":38},"minecraft:custom":{"minecraft:mob_kills":143,"minecraft:interact_with_crafting_table":94,"minecraft:leave_game":6,"minecraft:time_since_death":329734,"minecraft:climb_one_cm":2185,"minecraft:sprint_one_cm":1116904,"minecraft:walk_one_cm":619925,"minecraft:damage_blocked_by_shield":465,"minecraft:drop":97,"minecraft:talked_to_villager":2,"minecraft:play_time":384048,"minecraft:sneak_time":38638,"minecraft:deaths":6,"minecraft:walk_under_water_one_cm":38784,"minecraft:boat_one_cm":3912,"minecraft:interact_with_brewingstand":1,"minecraft:jump":9617,"minecraft:interact_with_blast_furnace":23,"minecraft:walk_on_water_one_cm":35479,"minecraft:total_world_time":384048,"minecraft:interact_with_furnace":112,"minecraft:sleep_in_bed":16,"minecraft:time_since_rest":12998,"minecraft:damage_taken":6530,"minecraft:damage_dealt":18227,"minecraft:swim_one_cm":97007,"minecraft:fly_one_cm":2033993,"minecraft:open_chest":41,"minecraft:crouch_one_cm":114305,"minecraft:interact_with_smoker":44,"minecraft:fall_one_cm":274543},"minecraft:killed_by":{"minecraft:creeper":1,"minecraft:pufferfish":1,"minecraft:skeleton":1},"minecraft:dropped":{"minecraft:water_bucket":2,"minecraft:iron_ingot":6,"minecraft:bread":48,"minecraft:wheat_seeds":80,"minecraft:diamond_axe":1,"minecraft:cooked_beef":6,"minecraft:oak_log":4,"minecraft:cobblestone":32,"minecraft:feather":15,"minecraft:oak_fence":3,"minecraft:leather":1,"minecraft:chest_minecart":1,"minecraft:granite":5,"minecraft:jungle_planks":4,"minecraft:acacia_log":48,"minecraft:pufferfish":2,"minecraft:stick":13,"minecraft:dirt":73,"minecraft:diorite":8,"minecraft:iron_axe":1,"minecraft:iron_pickaxe":2,"minecraft:acacia_door":2,"minecraft:paper":14,"minecraft:string":2,"minecraft:acacia_planks":34,"minecraft:spruce_sapling":2,"minecraft:gravel":2,"minecraft:stone_axe":2,"minecraft:stone_sword":1,"minecraft:cobbled_deepslate":16,"minecraft:tuff":1,"minecraft:rotten_flesh":25,"minecraft:salmon":3,"minecraft:diamond_sword":1,"minecraft:stone":2,"minecraft:gunpowder":2,"minecraft:diamond_pickaxe":2,"minecraft:oak_sapling":3,"minecraft:acacia_sapling":3,"minecraft:spruce_log":1,"minecraft:sandstone":1,"minecraft:stone_pickaxe":5,"minecraft:wooden_pickaxe":3},"minecraft:picked_up":{"minecraft:iron_chestplate":2,"minecraft:crafting_table":9,"minecraft:chicken":21,"minecraft:chest_minecart":4,"minecraft:diamond_sword":3,"minecraft:wooden_pickaxe":3,"minecraft:amethyst_block":2,"minecraft:string":9,"minecraft:acacia_door":2,"minecraft:iron_axe":1,"minecraft:cooked_salmon":2,"minecraft:pufferfish":4,"minecraft:cobbled_deepslate":61,"minecraft:spruce_planks":26,"minecraft:beef":25,"minecraft:iron_pickaxe":4,"minecraft:melon_slice":4,"minecraft:sugar_cane":8,"minecraft:furnace":7,"minecraft:egg":13,"minecraft:stick":43,"minecraft:raw_iron":128,"minecraft:sandstone":2,"minecraft:stone":1,"minecraft:oak_fence":3,"minecraft:torch":73,"minecraft:acacia_log":121,"minecraft:porkchop":25,"minecraft:diorite":40,"minecraft:dark_oak_planks":5,"minecraft:arrow":23,"minecraft:rotten_flesh":33,"minecraft:tropical_fish":8,"minecraft:hay_block":41,"minecraft:obsidian":3,"minecraft:mutton":12,"minecraft:rail":9,"minecraft:white_wool":6,"minecraft:cobblestone":333,"minecraft:feather":20,"minecraft:cooked_beef":10,"minecraft:water_bucket":2,"minecraft:andesite":4,"minecraft:salmon":5,"minecraft:jungle_log":13,"minecraft:leather":16,"minecraft:smoker":4,"minecraft:tuff":41,"minecraft:oak_log":22,"minecraft:gunpowder":2,"minecraft:lapis_lazuli":108,"minecraft:dirt":1369,"minecraft:paper":7,"minecraft:bone":17,"minecraft:acacia_planks":21,"minecraft:kelp":78,"minecraft:wheat_seeds":158,"minecraft:raw_gold":14,"minecraft:iron_ingot":10,"minecraft:stone_pickaxe":8,"minecraft:cooked_chicken":2,"minecraft:bamboo":19,"minecraft:oak_planks":30,"minecraft:acacia_sapling":7,"minecraft:smooth_basalt":6,"minecraft:gravel":5,"minecraft:sand":99,"minecraft:jungle_planks":3,"minecraft:stripped_spruce_log":6,"minecraft:spruce_sapling":49,"minecraft:blast_furnace":2,"minecraft:white_bed":2,"minecraft:spruce_log":244,"minecraft:dark_oak_log":57,"minecraft:diamond":7,"minecraft:stone_axe":5,"minecraft:granite":22,"minecraft:diamond_axe":1,"minecraft:bread":26,"minecraft:oak_sapling":17,"minecraft:coal":308,"minecraft:diamond_pickaxe":2}},"DataVersion":3465}