{"stats":{"minecraft:mined":{"minecraft:dead_bush":17,"minecraft:crafting_table":1},"minecraft:crafted":{"minecraft:air":0,"minecraft:iron_ingot":4},"minecraft:picked_up":{"minecraft:crafting_table":1,"minecraft:stick":19},"minecraft:custom":{"minecraft:jump":225,"minecraft:time_since_rest":8527,"minecraft:leave_game":1,"minecraft:damage_dealt":315,"minecraft:crouch_one_cm":188,"minecraft:interact_with_furnace":2,"minecraft:sprint_one_cm":15856,"minecraft:play_time":8527,"minecraft:damage_taken":180,"minecraft:time_since_death":8527,"minecraft:walk_one_cm":8556,"minecraft:sneak_time":121,"minecraft:total_world_time":8527,"minecraft:fall_one_cm":8094,"minecraft:fly_one_cm":27003,"minecraft:player_kills":1}},"DataVersion":3465}